date,item_id,actual,prophet_pred
2016-04-25,FOODS_1_004,0,1.2059016355509273
2016-04-26,FOODS_1_004,4,1.228323123549482
2016-04-27,FOODS_1_004,5,1.2920161910982033
2016-04-28,FOODS_1_004,2,1.3779886663481258
2016-04-29,FOODS_1_004,6,1.2766777696617182
2016-04-30,FOODS_1_004,4,1.6326948976519957
2016-05-01,FOODS_1_004,6,1.2074441125975501
2016-05-02,FOODS_1_004,4,1.6197720318288609
2016-05-03,FOODS_1_004,3,1.4028545528378833
2016-05-04,FOODS_1_004,3,1.5246070907922677
2016-05-05,FOODS_1_004,4,1.9012634154425359
2016-05-06,FOODS_1_004,2,1.5148128593854044
2016-05-07,FOODS_1_004,3,2.513720461927306
2016-05-08,FOODS_1_004,4,1.2075537453847067
2016-05-09,FOODS_1_004,0,1.070238977617933
2016-05-10,FOODS_1_004,7,1.2184403123218954
2016-05-11,FOODS_1_004,7,1.116685736475332
2016-05-12,FOODS_1_004,1,1.121322629061174
2016-05-13,FOODS_1_004,5,1.231891081846706
2016-05-14,FOODS_1_004,6,1.3015004913550026
2016-05-15,FOODS_1_004,2,1.1952888611367116
2016-05-16,FOODS_1_004,5,0.8646302359158154
2016-05-17,FOODS_1_004,1,0.8219356437769754
2016-05-18,FOODS_1_004,2,0.8007031896627912
2016-05-19,FOODS_1_004,1,0.7909439472849886
2016-05-20,FOODS_1_004,1,0.8599101565202163
2016-05-21,FOODS_1_004,3,0.8983030037288542
2016-05-22,FOODS_1_004,4,0.8116454081684173
2016-04-25,FOODS_1_012,3,2.768021856605352
2016-04-26,FOODS_1_012,2,2.4283361220051143
2016-04-27,FOODS_1_012,4,2.2461826870598554
2016-04-28,FOODS_1_012,3,3.09769184781802
2016-04-29,FOODS_1_012,2,3.8804239813039363
2016-04-30,FOODS_1_012,1,2.2100857289844416
2016-05-01,FOODS_1_012,3,3.5606567548157093
2016-05-02,FOODS_1_012,1,3.861112985218028
2016-05-03,FOODS_1_012,6,2.714353148094817
2016-05-04,FOODS_1_012,0,0.792482622608813
2016-05-05,FOODS_1_012,1,3.1772391318303543
2016-05-06,FOODS_1_012,6,3.2067001812773728
2016-05-07,FOODS_1_012,0,5.667171235140757
2016-05-08,FOODS_1_012,2,3.938200346422506
2016-05-09,FOODS_1_012,0,2.8825176255202734
2016-05-10,FOODS_1_012,3,2.8183126924526705
2016-05-11,FOODS_1_012,4,2.555123463944204
2016-05-12,FOODS_1_012,0,3.351434394702001
2016-05-13,FOODS_1_012,2,3.629076009404192
2016-05-14,FOODS_1_012,1,3.7860382569324855
2016-05-15,FOODS_1_012,0,3.24759813214734
2016-05-16,FOODS_1_012,1,2.9867830503535284
2016-05-17,FOODS_1_012,4,2.568714670447947
2016-05-18,FOODS_1_012,7,2.301313146084075
2016-05-19,FOODS_1_012,6,3.059239523371374
2016-05-20,FOODS_1_012,5,3.3044359536210686
2016-05-21,FOODS_1_012,3,3.435405448279466
2016-05-22,FOODS_1_012,8,2.8789954906443755
2016-04-25,FOODS_1_018,9,6.556424875072278
2016-04-26,FOODS_1_018,9,5.829215404701258
2016-04-27,FOODS_1_018,3,5.712192543386476
2016-04-28,FOODS_1_018,6,5.627130011261426
2016-04-29,FOODS_1_018,1,6.80676373962715
2016-04-30,FOODS_1_018,9,11.126594869513546
2016-05-01,FOODS_1_018,2,11.549132158253933
2016-05-02,FOODS_1_018,5,8.647877598765808
2016-05-03,FOODS_1_018,2,5.394789484921944
2016-05-04,FOODS_1_018,7,5.5588063229232185
2016-05-05,FOODS_1_018,12,5.059736053898588
2016-05-06,FOODS_1_018,24,9.341786726069248
2016-05-07,FOODS_1_018,23,9.241299712792543
2016-05-08,FOODS_1_018,7,8.673783070404639
2016-05-09,FOODS_1_018,3,4.849848513175112
2016-05-10,FOODS_1_018,3,5.841722536029073
2016-05-11,FOODS_1_018,10,6.196647258050076
2016-05-12,FOODS_1_018,4,6.211632626284646
2016-05-13,FOODS_1_018,7,8.286224845117832
2016-05-14,FOODS_1_018,8,9.923612562492782
2016-05-15,FOODS_1_018,15,8.907397086941558
2016-05-16,FOODS_1_018,5,7.05846469368541
2016-05-17,FOODS_1_018,11,6.3953541708188615
2016-05-18,FOODS_1_018,6,6.297787095592665
2016-05-19,FOODS_1_018,17,6.19626057466136
2016-05-20,FOODS_1_018,11,8.131172258898415
2016-05-21,FOODS_1_018,13,9.62356439793084
2016-05-22,FOODS_1_018,11,8.473481443337231
2016-04-25,FOODS_1_019,2,3.844375426267048
2016-04-26,FOODS_1_019,2,3.6451180210593366
2016-04-27,FOODS_1_019,0,3.5571688770270735
2016-04-28,FOODS_1_019,3,4.044410129333366
2016-04-29,FOODS_1_019,11,5.905241759916494
2016-04-30,FOODS_1_019,24,2.2410912367140843
2016-05-01,FOODS_1_019,21,1.684523969869497
2016-05-02,FOODS_1_019,0,0.6428464547173456
2016-05-03,FOODS_1_019,0,3.149612736287085
2016-05-04,FOODS_1_019,0,2.037210000490799
2016-05-05,FOODS_1_019,6,1.4358547280557115
2016-05-06,FOODS_1_019,5,5.814475854653108
2016-05-07,FOODS_1_019,9,3.310547010214188
2016-05-08,FOODS_1_019,1,4.536595371159983
2016-05-09,FOODS_1_019,12,2.094169687849276
2016-05-10,FOODS_1_019,0,3.124145463143006
2016-05-11,FOODS_1_019,1,3.3157011671769507
2016-05-12,FOODS_1_019,0,3.8863965371748073
2016-05-13,FOODS_1_019,21,5.498649386131421
2016-05-14,FOODS_1_019,5,7.5517605698895105
2016-05-15,FOODS_1_019,16,4.655447143693132
2016-05-16,FOODS_1_019,6,3.5084708861903926
2016-05-17,FOODS_1_019,10,3.381704668970987
2016-05-18,FOODS_1_019,9,3.3675689368289934
2016-05-19,FOODS_1_019,0,3.9586245649029337
2016-05-20,FOODS_1_019,18,5.615467899416618
2016-05-21,FOODS_1_019,11,7.726831645608792
2016-05-22,FOODS_1_019,12,4.799796070283206
2016-04-25,FOODS_1_021,0,0.7310055610712732
2016-04-26,FOODS_1_021,0,0.6404352114804375
2016-04-27,FOODS_1_021,0,0.6453840636855213
2016-04-28,FOODS_1_021,2,0.6374127507880275
2016-04-29,FOODS_1_021,1,0.14846006979408694
2016-04-30,FOODS_1_021,1,0.0
2016-05-01,FOODS_1_021,2,0.48574228779117257
2016-05-02,FOODS_1_021,3,0.5034733438475314
2016-05-03,FOODS_1_021,3,0.42184069366088733
2016-05-04,FOODS_1_021,0,0.13512978021565566
2016-05-05,FOODS_1_021,0,0.1387790356694311
2016-05-06,FOODS_1_021,0,0.9844406759409126
2016-05-07,FOODS_1_021,0,0.3498353005396187
2016-05-08,FOODS_1_021,0,0.23741637077030264
2016-05-09,FOODS_1_021,0,0.39092955222105824
2016-05-10,FOODS_1_021,0,0.2173307534344
2016-05-11,FOODS_1_021,0,0.2089639273665545
2016-05-12,FOODS_1_021,1,0.1912770548347792
2016-05-13,FOODS_1_021,0,0.18465926847759526
2016-05-14,FOODS_1_021,0,0.181001907161264
2016-05-15,FOODS_1_021,0,0.12096989790544879
2016-05-16,FOODS_1_021,0,0.09362082217349789
2016-05-17,FOODS_1_021,0,0.0632149194559191
2016-05-18,FOODS_1_021,0,0.04853664207011656
2016-05-19,FOODS_1_021,0,0.031012252493386405
2016-05-20,FOODS_1_021,0,0.0128662854718037
2016-05-21,FOODS_1_021,0,0.0
2016-05-22,FOODS_1_021,0,0.0
2016-04-25,FOODS_1_032,0,1.168581216915897
2016-04-26,FOODS_1_032,1,1.1146900847600962
2016-04-27,FOODS_1_032,2,1.0767214942342829
2016-04-28,FOODS_1_032,4,1.2477954873756292
2016-04-29,FOODS_1_032,11,0.968399805272488
2016-04-30,FOODS_1_032,8,3.180741426643707
2016-05-01,FOODS_1_032,2,1.970473898213429
2016-05-02,FOODS_1_032,3,1.8636531655644133
2016-05-03,FOODS_1_032,2,1.2231729715213058
2016-05-04,FOODS_1_032,7,1.2833715420989131
2016-05-05,FOODS_1_032,0,2.200401357376911
2016-05-06,FOODS_1_032,2,1.375056065087281
2016-05-07,FOODS_1_032,5,3.7247118538316
2016-05-08,FOODS_1_032,3,2.8890794479397583
2016-05-09,FOODS_1_032,2,1.307129519167116
2016-05-10,FOODS_1_032,3,1.6666936132501813
2016-05-11,FOODS_1_032,2,1.8392608980314251
2016-05-12,FOODS_1_032,2,2.042376005059796
2016-05-13,FOODS_1_032,3,3.0861686436929676
2016-05-14,FOODS_1_032,10,3.62070546043303
2016-05-15,FOODS_1_032,4,3.212602571933953
2016-05-16,FOODS_1_032,5,2.2375758783556887
2016-05-17,FOODS_1_032,2,2.2021665252209055
2016-05-18,FOODS_1_032,0,2.171592849104387
2016-05-19,FOODS_1_032,0,2.3415640244822318
2016-05-20,FOODS_1_032,3,3.3537033774281833
2016-05-21,FOODS_1_032,21,3.8525588468340155
2016-05-22,FOODS_1_032,5,3.403574581202396
2016-04-25,FOODS_1_036,3,1.228567927434698
2016-04-26,FOODS_1_036,2,1.098650690162683
2016-04-27,FOODS_1_036,1,1.0793183310393815
2016-04-28,FOODS_1_036,3,1.3086202983838904
2016-04-29,FOODS_1_036,3,1.4769328290973367
2016-04-30,FOODS_1_036,3,4.178586616855709
2016-05-01,FOODS_1_036,3,2.0226997601014496
2016-05-02,FOODS_1_036,4,0.6805706412749983
2016-05-03,FOODS_1_036,3,1.0263644940357577
2016-05-04,FOODS_1_036,1,1.649136322608631
2016-05-05,FOODS_1_036,0,1.2625798768168501
2016-05-06,FOODS_1_036,0,1.3861066446892054
2016-05-07,FOODS_1_036,2,0.9721994453262972
2016-05-08,FOODS_1_036,0,1.1574245430404808
2016-05-09,FOODS_1_036,1,1.4188395727019514
2016-05-10,FOODS_1_036,1,0.900909932363796
2016-05-11,FOODS_1_036,4,0.9001943967048642
2016-05-12,FOODS_1_036,0,1.0963627823933042
2016-05-13,FOODS_1_036,4,1.2916620310226343
2016-05-14,FOODS_1_036,5,1.4472719676629415
2016-05-15,FOODS_1_036,5,1.3449519818678581
2016-05-16,FOODS_1_036,2,0.9298726371693363
2016-05-17,FOODS_1_036,2,0.7863996457739257
2016-05-18,FOODS_1_036,3,0.7490877332661849
2016-05-19,FOODS_1_036,1,0.947472765765871
2016-05-20,FOODS_1_036,2,1.1470503815376707
2016-05-21,FOODS_1_036,3,1.3096825135513956
2016-05-22,FOODS_1_036,1,1.2218864368161984
2016-04-25,FOODS_1_040,5,1.983109667912154
2016-04-26,FOODS_1_040,0,1.8011293578782002
2016-04-27,FOODS_1_040,1,1.804504499320292
2016-04-28,FOODS_1_040,2,2.1127439763847855
2016-04-29,FOODS_1_040,1,1.4124366414991845
2016-04-30,FOODS_1_040,3,1.7158454496683992
2016-05-01,FOODS_1_040,1,0.5942150832200963
2016-05-02,FOODS_1_040,4,0.9542599875012806
2016-05-03,FOODS_1_040,3,1.942366389452662
2016-05-04,FOODS_1_040,1,2.382902760970485
2016-05-05,FOODS_1_040,0,2.404679738703366
2016-05-06,FOODS_1_040,0,2.8785716617758728
2016-05-07,FOODS_1_040,0,4.544202613962942
2016-05-08,FOODS_1_040,1,2.1200646710599282
2016-05-09,FOODS_1_040,0,1.998480994338308
2016-05-10,FOODS_1_040,0,1.7038157333101993
2016-05-11,FOODS_1_040,0,1.3544995020171238
2016-05-12,FOODS_1_040,0,1.6555040374036696
2016-05-13,FOODS_1_040,0,2.1010123807259076
2016-05-14,FOODS_1_040,2,2.546130318811131
2016-05-15,FOODS_1_040,5,2.166326058933377
2016-05-16,FOODS_1_040,0,1.3407208420081498
2016-05-17,FOODS_1_040,4,1.179905777307553
2016-05-18,FOODS_1_040,4,1.2028544309289986
2016-05-19,FOODS_1_040,7,1.5263826044636077
2016-05-20,FOODS_1_040,0,1.996069577335987
2016-05-21,FOODS_1_040,1,2.4680198086996747
2016-05-22,FOODS_1_040,0,2.125191260873453
2016-04-25,FOODS_1_042,1,2.883492116097689
2016-04-26,FOODS_1_042,0,3.21445404272136
2016-04-27,FOODS_1_042,1,3.5515204053052307
2016-04-28,FOODS_1_042,6,3.43422523916094
2016-04-29,FOODS_1_042,0,1.3628958729265483
2016-04-30,FOODS_1_042,8,1.2717112102651928
2016-05-01,FOODS_1_042,9,0.15260410710294725
2016-05-02,FOODS_1_042,8,2.2771973276778357
2016-05-03,FOODS_1_042,4,3.0863305864871755
2016-05-04,FOODS_1_042,3,4.076046175966017
2016-05-05,FOODS_1_042,1,3.1118686140823564
2016-05-06,FOODS_1_042,8,4.117898737780718
2016-05-07,FOODS_1_042,4,2.110294299432725
2016-05-08,FOODS_1_042,0,3.027120183227567
2016-05-09,FOODS_1_042,0,10.444678763325543
2016-05-10,FOODS_1_042,0,2.7943530300166244
2016-05-11,FOODS_1_042,0,3.0516657456494016
2016-05-12,FOODS_1_042,0,2.912395956264404
2016-05-13,FOODS_1_042,3,3.4170015203096877
2016-05-14,FOODS_1_042,2,2.132469965763014
2016-05-15,FOODS_1_042,6,2.661315828325292
2016-05-16,FOODS_1_042,3,2.1534530898488673
2016-05-17,FOODS_1_042,0,2.4789725310992585
2016-05-18,FOODS_1_042,4,2.8178719085107895
2016-05-19,FOODS_1_042,3,2.714180117301016
2016-05-20,FOODS_1_042,4,3.259306170659169
2016-05-21,FOODS_1_042,5,2.0254301045604235
2016-05-22,FOODS_1_042,3,2.606166909020805
2016-04-25,FOODS_1_043,0,2.0295535542623533
2016-04-26,FOODS_1_043,5,1.6749532898395312
2016-04-27,FOODS_1_043,10,1.7500513914331008
2016-04-28,FOODS_1_043,4,1.82658031177003
2016-04-29,FOODS_1_043,19,1.8950281472030917
2016-04-30,FOODS_1_043,8,1.3662731671503476
2016-05-01,FOODS_1_043,10,0.9192794290147731
2016-05-02,FOODS_1_043,6,1.9415058020688405
2016-05-03,FOODS_1_043,13,1.5703695632031276
2016-05-04,FOODS_1_043,4,2.3586064937358517
2016-05-05,FOODS_1_043,14,1.7186010508717597
2016-05-06,FOODS_1_043,12,2.3451737926496437
2016-05-07,FOODS_1_043,15,3.1955496350524086
2016-05-08,FOODS_1_043,3,2.758481702129263
2016-05-09,FOODS_1_043,7,2.0895213504690062
2016-05-10,FOODS_1_043,10,1.584787338956504
2016-05-11,FOODS_1_043,5,1.666890416335878
2016-05-12,FOODS_1_043,9,1.7670948584144965
2016-05-13,FOODS_1_043,11,2.0843951304724233
2016-05-14,FOODS_1_043,9,2.2968394524567795
2016-05-15,FOODS_1_043,11,2.392624840091791
2016-05-16,FOODS_1_043,9,1.9104714524600803
2016-05-17,FOODS_1_043,3,1.6617362036988943
2016-05-18,FOODS_1_043,1,1.7604818685512944
2016-05-19,FOODS_1_043,4,1.8565678543708641
2016-05-20,FOODS_1_043,5,2.1517439667857707
2016-05-21,FOODS_1_043,8,2.347011032382118
2016-05-22,FOODS_1_043,5,2.4315697739043145
2016-04-25,FOODS_1_044,2,0.220642639985214
2016-04-26,FOODS_1_044,1,0.1991710657371878
2016-04-27,FOODS_1_044,1,0.236715242486112
2016-04-28,FOODS_1_044,3,0.2994885969673112
2016-04-29,FOODS_1_044,1,0.45988627296054296
2016-04-30,FOODS_1_044,2,0.3596303678926439
2016-05-01,FOODS_1_044,5,0.9333412816409612
2016-05-02,FOODS_1_044,5,0.5034260665911822
2016-05-03,FOODS_1_044,6,0.3637783658364827
2016-05-04,FOODS_1_044,1,0.44081444671362174
2016-05-05,FOODS_1_044,2,0.31355036068808706
2016-05-06,FOODS_1_044,3,0.3607383844618329
2016-05-07,FOODS_1_044,3,1.0516662446313043
2016-05-08,FOODS_1_044,4,0.7481393822858895
2016-05-09,FOODS_1_044,1,0.517695288083447
2016-05-10,FOODS_1_044,4,0.47404443257318446
2016-05-11,FOODS_1_044,0,0.495157406438315
2016-05-12,FOODS_1_044,4,0.5348018774101507
2016-05-13,FOODS_1_044,4,0.6314572151756548
2016-05-14,FOODS_1_044,2,0.6585336687280525
2016-05-15,FOODS_1_044,1,0.5938432805309882
2016-05-16,FOODS_1_044,0,0.5010678308677219
2016-05-17,FOODS_1_044,1,0.4538894775619828
2016-05-18,FOODS_1_044,0,0.4567564821495383
2016-05-19,FOODS_1_044,0,0.47968011105264674
2016-05-20,FOODS_1_044,0,0.5594374594614585
2016-05-21,FOODS_1_044,1,0.5738264038024412
2016-05-22,FOODS_1_044,2,0.5016041524427811
2016-04-25,FOODS_1_045,2,2.497000924830659
2016-04-26,FOODS_1_045,0,2.792373566479004
2016-04-27,FOODS_1_045,1,2.6193966860779567
2016-04-28,FOODS_1_045,0,2.9879954208531303
2016-04-29,FOODS_1_045,0,4.9089162884446855
2016-04-30,FOODS_1_045,2,5.736523901193013
2016-05-01,FOODS_1_045,6,4.610044816494505
2016-05-02,FOODS_1_045,3,3.6201922132257685
2016-05-03,FOODS_1_045,4,2.8016369921313764
2016-05-04,FOODS_1_045,3,3.862403316843002
2016-05-05,FOODS_1_045,3,1.495767953923257
2016-05-06,FOODS_1_045,1,2.598922721397334
2016-05-07,FOODS_1_045,1,4.63153128617408
2016-05-08,FOODS_1_045,0,2.703242300159342
2016-05-09,FOODS_1_045,0,0.4455526836338728
2016-05-10,FOODS_1_045,1,2.281404448258205
2016-05-11,FOODS_1_045,6,1.8306293185430644
2016-05-12,FOODS_1_045,1,2.1362331910505223
2016-05-13,FOODS_1_045,5,2.6475930125010616
2016-05-14,FOODS_1_045,1,3.044617585648285
2016-05-15,FOODS_1_045,1,2.5469472218288205
2016-05-16,FOODS_1_045,4,1.4967647657317384
2016-05-17,FOODS_1_045,6,1.749920843045186
2016-05-18,FOODS_1_045,3,1.5670685081304083
2016-05-19,FOODS_1_045,8,1.9377216638217147
2016-05-20,FOODS_1_045,1,2.516488781998412
2016-05-21,FOODS_1_045,1,2.9839341077632455
2016-05-22,FOODS_1_045,0,2.563511899240611
2016-04-25,FOODS_1_046,5,5.353586762397405
2016-04-26,FOODS_1_046,7,5.0626307848043925
2016-04-27,FOODS_1_046,4,4.453145993172606
2016-04-28,FOODS_1_046,7,5.208610353642859
2016-04-29,FOODS_1_046,13,7.219083608330597
2016-04-30,FOODS_1_046,8,6.366964589499495
2016-05-01,FOODS_1_046,6,9.08015699784577
2016-05-02,FOODS_1_046,5,3.5865500398573578
2016-05-03,FOODS_1_046,1,5.595969584993892
2016-05-04,FOODS_1_046,11,9.377535807690032
2016-05-05,FOODS_1_046,3,11.150948665883645
2016-05-06,FOODS_1_046,9,6.997583451433227
2016-05-07,FOODS_1_046,18,15.958376570508273
2016-05-08,FOODS_1_046,9,11.008285741697074
2016-05-09,FOODS_1_046,4,3.6662093855081763
2016-05-10,FOODS_1_046,3,5.9763017839055
2016-05-11,FOODS_1_046,6,5.207127732486989
2016-05-12,FOODS_1_046,4,5.915865307715684
2016-05-13,FOODS_1_046,2,8.014675191321592
2016-05-14,FOODS_1_046,5,9.82065507958633
2016-05-15,FOODS_1_046,7,7.789233489729666
2016-05-16,FOODS_1_046,5,5.917480269139186
2016-05-17,FOODS_1_046,12,5.516042776512779
2016-05-18,FOODS_1_046,10,4.76346373242667
2016-05-19,FOODS_1_046,10,5.365396345330319
2016-05-20,FOODS_1_046,13,7.370825960874597
2016-05-21,FOODS_1_046,7,9.09341372310733
2016-05-22,FOODS_1_046,5,6.978105001467528
2016-04-25,FOODS_1_054,2,2.0246961976836455
2016-04-26,FOODS_1_054,3,1.8020245429589454
2016-04-27,FOODS_1_054,4,1.8751116568132833
2016-04-28,FOODS_1_054,0,2.008706863027711
2016-04-29,FOODS_1_054,0,1.2487875385138332
2016-04-30,FOODS_1_054,2,3.364078792204848
2016-05-01,FOODS_1_054,5,3.498370500467207
2016-05-02,FOODS_1_054,0,1.8510031539183698
2016-05-03,FOODS_1_054,3,1.8340833513680317
2016-05-04,FOODS_1_054,3,2.471886465297436
2016-05-05,FOODS_1_054,6,1.5010205440258124
2016-05-06,FOODS_1_054,2,3.0001474159452584
2016-05-07,FOODS_1_054,11,3.704824714273395
2016-05-08,FOODS_1_054,2,2.0586875709131918
2016-05-09,FOODS_1_054,0,2.291343985468307
2016-05-10,FOODS_1_054,1,1.9777257413224498
2016-05-11,FOODS_1_054,2,2.049846367934629
2016-05-12,FOODS_1_054,2,2.2172096212219636
2016-05-13,FOODS_1_054,3,2.395338137973529
2016-05-14,FOODS_1_054,1,3.0309648493092434
2016-05-15,FOODS_1_054,3,2.7533158157904785
2016-05-16,FOODS_1_054,2,2.2910600221058357
2016-05-17,FOODS_1_054,10,2.091593155912915
2016-05-18,FOODS_1_054,3,2.1822481728024448
2016-05-19,FOODS_1_054,2,2.3257066312935972
2016-05-20,FOODS_1_054,1,2.4750738693818652
2016-05-21,FOODS_1_054,8,3.078155329454453
2016-05-22,FOODS_1_054,2,2.7626412771853706
2016-04-25,FOODS_1_055,0,0.0520472032538479
2016-04-26,FOODS_1_055,3,0.07147981200691345
2016-04-27,FOODS_1_055,0,0.0
2016-04-28,FOODS_1_055,0,0.0
2016-04-29,FOODS_1_055,0,0.0
2016-04-30,FOODS_1_055,0,0.0
2016-05-01,FOODS_1_055,8,0.0
2016-05-02,FOODS_1_055,1,0.0
2016-05-03,FOODS_1_055,4,0.05156424694470029
2016-05-04,FOODS_1_055,3,0.0
2016-05-05,FOODS_1_055,3,0.0
2016-05-06,FOODS_1_055,28,0.0
2016-05-07,FOODS_1_055,1,0.0
2016-05-08,FOODS_1_055,0,0.0
2016-05-09,FOODS_1_055,0,0.037574831383088286
2016-05-10,FOODS_1_055,11,0.0
2016-05-11,FOODS_1_055,1,0.0
2016-05-12,FOODS_1_055,0,0.0
2016-05-13,FOODS_1_055,2,0.0
2016-05-14,FOODS_1_055,2,0.0
2016-05-15,FOODS_1_055,0,0.0
2016-05-16,FOODS_1_055,19,0.0
2016-05-17,FOODS_1_055,0,0.0
2016-05-18,FOODS_1_055,3,0.0
2016-05-19,FOODS_1_055,3,0.0
2016-05-20,FOODS_1_055,2,0.0
2016-05-21,FOODS_1_055,2,0.0
2016-05-22,FOODS_1_055,12,0.0
2016-04-25,FOODS_1_058,0,1.044665854293704
2016-04-26,FOODS_1_058,0,0.9897292613250023
2016-04-27,FOODS_1_058,0,0.9552815377342565
2016-04-28,FOODS_1_058,0,0.9054189310502968
2016-04-29,FOODS_1_058,2,1.076288985848268
2016-04-30,FOODS_1_058,0,1.392642608033215
2016-05-01,FOODS_1_058,2,0.15284655355477675
2016-05-02,FOODS_1_058,2,0.7292408205641676
2016-05-03,FOODS_1_058,5,0.8765356895894834
2016-05-04,FOODS_1_058,0,0.8872792111860011
2016-05-05,FOODS_1_058,9,0.9417820849554576
2016-05-06,FOODS_1_058,5,0.6697310487484759
2016-05-07,FOODS_1_058,4,2.8980020177162693
2016-05-08,FOODS_1_058,4,2.4940031955298596
2016-05-09,FOODS_1_058,1,1.755791700533788
2016-05-10,FOODS_1_058,2,1.0430610152276494
2016-05-11,FOODS_1_058,2,1.079276181626834
2016-05-12,FOODS_1_058,3,1.1044744724251647
2016-05-13,FOODS_1_058,5,1.4205074605706762
2016-05-14,FOODS_1_058,4,1.7659783564801537
2016-05-15,FOODS_1_058,4,1.538917307808773
2016-05-16,FOODS_1_058,1,1.3415710906047453
2016-05-17,FOODS_1_058,2,1.3728397287242364
2016-05-18,FOODS_1_058,2,1.4174394642000012
2016-05-19,FOODS_1_058,3,1.4419795117637975
2016-05-20,FOODS_1_058,3,1.740465146306867
2016-05-21,FOODS_1_058,9,2.0617719421878378
2016-05-22,FOODS_1_058,0,1.8281117853119142
2016-04-25,FOODS_1_067,5,2.646992400814295
2016-04-26,FOODS_1_067,10,2.459646797597895
2016-04-27,FOODS_1_067,5,2.289308078999542
2016-04-28,FOODS_1_067,3,2.448827987922749
2016-04-29,FOODS_1_067,3,1.757135901827964
2016-04-30,FOODS_1_067,11,2.686133017798553
2016-05-01,FOODS_1_067,3,0.8173104208893914
2016-05-02,FOODS_1_067,1,4.083756684331749
2016-05-03,FOODS_1_067,1,2.770320364524937
2016-05-04,FOODS_1_067,2,2.561467226232762
2016-05-05,FOODS_1_067,2,2.5304974832304956
2016-05-06,FOODS_1_067,2,4.780147172279019
2016-05-07,FOODS_1_067,0,3.3419329886012927
2016-05-08,FOODS_1_067,0,2.9478078539535266
2016-05-09,FOODS_1_067,0,2.7064979561569
2016-05-10,FOODS_1_067,0,3.1650676232016157
2016-05-11,FOODS_1_067,0,3.040241728473717
2016-05-12,FOODS_1_067,0,3.200400543539695
2016-05-13,FOODS_1_067,15,3.885133605684534
2016-05-14,FOODS_1_067,2,3.2374081824740606
2016-05-15,FOODS_1_067,4,2.9530306412731697
2016-05-16,FOODS_1_067,4,3.660171412419758
2016-05-17,FOODS_1_067,3,3.458913274563207
2016-05-18,FOODS_1_067,3,3.2655040137912716
2016-05-19,FOODS_1_067,5,3.3881080547619273
2016-05-20,FOODS_1_067,7,4.030433989412163
2016-05-21,FOODS_1_067,1,3.3451828829358883
2016-05-22,FOODS_1_067,3,3.020362105966116
2016-04-25,FOODS_1_082,10,5.956691177241769
2016-04-26,FOODS_1_082,6,6.042323034701414
2016-04-27,FOODS_1_082,9,5.422676581675322
2016-04-28,FOODS_1_082,5,7.646590591489867
2016-04-29,FOODS_1_082,9,19.869555109703008
2016-04-30,FOODS_1_082,10,11.437682698446933
2016-05-01,FOODS_1_082,6,34.29562423435804
2016-05-02,FOODS_1_082,4,8.846727534430089
2016-05-03,FOODS_1_082,3,6.562422109833246
2016-05-04,FOODS_1_082,6,7.671534194088783
2016-05-05,FOODS_1_082,4,11.626302470242672
2016-05-06,FOODS_1_082,5,12.331917122491111
2016-05-07,FOODS_1_082,17,20.72109104626305
2016-05-08,FOODS_1_082,12,15.830292230579097
2016-05-09,FOODS_1_082,8,3.533886336871915
2016-05-10,FOODS_1_082,12,9.78509686591325
2016-05-11,FOODS_1_082,9,10.580776276936065
2016-05-12,FOODS_1_082,4,13.264541557650308
2016-05-13,FOODS_1_082,10,15.687776026775664
2016-05-14,FOODS_1_082,16,16.71675682318128
2016-05-15,FOODS_1_082,11,16.346932922097743
2016-05-16,FOODS_1_082,4,13.831189029500715
2016-05-17,FOODS_1_082,7,14.31320892541023
2016-05-18,FOODS_1_082,9,13.98904616339344
2016-05-19,FOODS_1_082,1,16.54904516031626
2016-05-20,FOODS_1_082,6,18.811596046243945
2016-05-21,FOODS_1_082,11,19.631904044102946
2016-05-22,FOODS_1_082,7,19.010247785372602
2016-04-25,FOODS_1_085,10,6.293713467912137
2016-04-26,FOODS_1_085,4,5.90704328104477
2016-04-27,FOODS_1_085,14,6.126192002443145
2016-04-28,FOODS_1_085,14,6.889173662073749
2016-04-29,FOODS_1_085,6,11.601814044706945
2016-04-30,FOODS_1_085,18,12.71572692403611
2016-05-01,FOODS_1_085,7,14.601057738152205
2016-05-02,FOODS_1_085,0,5.8738592814124
2016-05-03,FOODS_1_085,11,5.826227925691898
2016-05-04,FOODS_1_085,2,7.7220892257369425
2016-05-05,FOODS_1_085,7,12.420384148363766
2016-05-06,FOODS_1_085,9,10.15239016235439
2016-05-07,FOODS_1_085,0,7.13860685864872
2016-05-08,FOODS_1_085,4,12.82124675919337
2016-05-09,FOODS_1_085,7,6.3076810968736385
2016-05-10,FOODS_1_085,1,6.9198351506825695
2016-05-11,FOODS_1_085,1,7.664284858887621
2016-05-12,FOODS_1_085,4,8.586181378524914
2016-05-13,FOODS_1_085,9,10.40216641848923
2016-05-14,FOODS_1_085,10,11.95164561324964
2016-05-15,FOODS_1_085,2,10.45734775927613
2016-05-16,FOODS_1_085,5,8.275311038941105
2016-05-17,FOODS_1_085,6,8.00561570938144
2016-05-18,FOODS_1_085,15,8.287387740899842
2016-05-19,FOODS_1_085,6,9.058180537222194
2016-05-20,FOODS_1_085,4,10.711759793319032
2016-05-21,FOODS_1_085,6,12.094617284059831
2016-05-22,FOODS_1_085,2,10.440495291880763
2016-04-25,FOODS_1_086,2,3.152727888490075
2016-04-26,FOODS_1_086,0,3.3425672459200877
2016-04-27,FOODS_1_086,0,3.594517918612731
2016-04-28,FOODS_1_086,6,3.9130791678973083
2016-04-29,FOODS_1_086,9,5.233675093859058
2016-04-30,FOODS_1_086,16,6.096951579229683
2016-05-01,FOODS_1_086,2,6.188034602207587
2016-05-02,FOODS_1_086,11,2.8760090922532644
2016-05-03,FOODS_1_086,4,3.5512250791461817
2016-05-04,FOODS_1_086,0,4.2019849901649335
2016-05-05,FOODS_1_086,7,2.5999708377972888
2016-05-06,FOODS_1_086,5,4.674583352432159
2016-05-07,FOODS_1_086,0,5.6710949260783226
2016-05-08,FOODS_1_086,0,3.5112066439129164
2016-05-09,FOODS_1_086,0,2.013395388114238
2016-05-10,FOODS_1_086,0,3.587623566627932
2016-05-11,FOODS_1_086,0,3.6508558345860855
2016-05-12,FOODS_1_086,0,3.9710426691888596
2016-05-13,FOODS_1_086,9,5.458081322661856
2016-05-14,FOODS_1_086,3,5.818725232634387
2016-05-15,FOODS_1_086,0,3.942177506897766
2016-05-16,FOODS_1_086,9,3.2411515926119576
2016-05-17,FOODS_1_086,9,3.432466310558688
2016-05-18,FOODS_1_086,13,3.6841430124515693
2016-05-19,FOODS_1_086,0,4.000533426438344
2016-05-20,FOODS_1_086,8,5.478053481640192
2016-05-21,FOODS_1_086,7,5.834135115743154
2016-05-22,FOODS_1_086,1,3.9632026255915376
2016-04-25,FOODS_1_087,3,3.1552348121496996
2016-04-26,FOODS_1_087,2,3.033451236387893
2016-04-27,FOODS_1_087,4,2.686705925661897
2016-04-28,FOODS_1_087,2,3.0413469733525496
2016-04-29,FOODS_1_087,7,3.6554721636694123
2016-04-30,FOODS_1_087,0,2.12956431869206
2016-05-01,FOODS_1_087,4,3.0595974884459447
2016-05-02,FOODS_1_087,6,1.9493685049007807
2016-05-03,FOODS_1_087,3,2.824896180094308
2016-05-04,FOODS_1_087,3,1.7076669412718952
2016-05-05,FOODS_1_087,4,3.3274049379447637
2016-05-06,FOODS_1_087,2,1.0427766316403193
2016-05-07,FOODS_1_087,0,1.6900392541452538
2016-05-08,FOODS_1_087,2,1.0023117412743439
2016-05-09,FOODS_1_087,2,1.5334644250217273
2016-05-10,FOODS_1_087,3,2.8236764248477937
2016-05-11,FOODS_1_087,0,2.5075902741314606
2016-05-12,FOODS_1_087,0,2.930427942904649
2016-05-13,FOODS_1_087,3,2.827438983548818
2016-05-14,FOODS_1_087,3,3.598401403910682
2016-05-15,FOODS_1_087,6,2.4252948218611827
2016-05-16,FOODS_1_087,0,3.0352399340485126
2016-05-17,FOODS_1_087,1,2.9937720179065206
2016-05-18,FOODS_1_087,1,2.724411149969531
2016-05-19,FOODS_1_087,7,3.1647051695194555
2016-05-20,FOODS_1_087,5,3.0743175688687843
2016-05-21,FOODS_1_087,0,3.8593931890082223
2016-05-22,FOODS_1_087,2,2.689778075457833
2016-04-25,FOODS_1_099,6,6.064866546104168
2016-04-26,FOODS_1_099,8,6.594155942048245
2016-04-27,FOODS_1_099,5,6.642864088181295
2016-04-28,FOODS_1_099,7,7.942001322752465
2016-04-29,FOODS_1_099,9,9.16349761961361
2016-04-30,FOODS_1_099,13,10.780142756621643
2016-05-01,FOODS_1_099,12,21.19297838248435
2016-05-02,FOODS_1_099,1,4.9776999719375645
2016-05-03,FOODS_1_099,6,6.84729923951503
2016-05-04,FOODS_1_099,1,10.11691744296391
2016-05-05,FOODS_1_099,4,7.960388910466645
2016-05-06,FOODS_1_099,7,8.36854143906818
2016-05-07,FOODS_1_099,16,11.487330420617887
2016-05-08,FOODS_1_099,9,7.989030115217649
2016-05-09,FOODS_1_099,12,4.818377018636616
2016-05-10,FOODS_1_099,9,8.673643477325548
2016-05-11,FOODS_1_099,4,8.755815759164113
2016-05-12,FOODS_1_099,9,10.512072015874935
2016-05-13,FOODS_1_099,12,12.156364787456477
2016-05-14,FOODS_1_099,10,14.826168120795906
2016-05-15,FOODS_1_099,15,14.000280573624986
2016-05-16,FOODS_1_099,6,9.319294073738346
2016-05-17,FOODS_1_099,16,10.301250291507033
2016-05-18,FOODS_1_099,1,10.731673122227402
2016-05-19,FOODS_1_099,2,12.31283403695239
2016-05-20,FOODS_1_099,3,13.750909359098914
2016-05-21,FOODS_1_099,3,16.183458290086243
2016-05-22,FOODS_1_099,2,15.114193866609698
2016-04-25,FOODS_1_104,1,0.9273829341415528
2016-04-26,FOODS_1_104,1,0.853247320385563
2016-04-27,FOODS_1_104,2,1.0709083024855728
2016-04-28,FOODS_1_104,0,1.2720086160874418
2016-04-29,FOODS_1_104,0,1.1536331535551827
2016-04-30,FOODS_1_104,3,2.8510460918168476
2016-05-01,FOODS_1_104,1,1.6727340680891467
2016-05-02,FOODS_1_104,1,1.3528263921168169
2016-05-03,FOODS_1_104,0,0.7609051851781358
2016-05-04,FOODS_1_104,1,0.6241954078110851
2016-05-05,FOODS_1_104,1,0.36571507769675005
2016-05-06,FOODS_1_104,0,2.3526196767794736
2016-05-07,FOODS_1_104,0,1.5230570673594197
2016-05-08,FOODS_1_104,1,0.5118048356550235
2016-05-09,FOODS_1_104,1,0.7653349932097785
2016-05-10,FOODS_1_104,4,0.7366812596904978
2016-05-11,FOODS_1_104,1,1.110436096365723
2016-05-12,FOODS_1_104,0,1.2584838671452714
2016-05-13,FOODS_1_104,0,1.2165532477976648
2016-05-14,FOODS_1_104,1,1.618063152995616
2016-05-15,FOODS_1_104,7,1.388986269565881
2016-05-16,FOODS_1_104,1,0.7183054328195758
2016-05-17,FOODS_1_104,1,0.5828074128865481
2016-05-18,FOODS_1_104,7,0.7261122867560736
2016-05-19,FOODS_1_104,7,0.8481932724509297
2016-05-20,FOODS_1_104,0,0.7899136588632847
2016-05-21,FOODS_1_104,0,1.1813319206872894
2016-05-22,FOODS_1_104,0,0.9555567864741055
2016-04-25,FOODS_1_110,0,1.2971707159773949
2016-04-26,FOODS_1_110,4,1.3469533468110915
2016-04-27,FOODS_1_110,11,1.4037055492701573
2016-04-28,FOODS_1_110,8,1.6180566987747418
2016-04-29,FOODS_1_110,11,1.2247630664010583
2016-04-30,FOODS_1_110,10,2.1379760916402013
2016-05-01,FOODS_1_110,12,1.349276643239655
2016-05-02,FOODS_1_110,5,1.0699119705613958
2016-05-03,FOODS_1_110,8,1.3876320818996937
2016-05-04,FOODS_1_110,6,1.3351864988756752
2016-05-05,FOODS_1_110,5,1.4558874952282108
2016-05-06,FOODS_1_110,10,2.3132939027799457
2016-05-07,FOODS_1_110,11,1.8600462445593027
2016-05-08,FOODS_1_110,0,1.2158702656564364
2016-05-09,FOODS_1_110,5,0.889212987969899
2016-05-10,FOODS_1_110,5,1.384567340262933
2016-05-11,FOODS_1_110,5,1.364658532941671
2016-05-12,FOODS_1_110,3,1.5569703773849664
2016-05-13,FOODS_1_110,4,1.8941768480421004
2016-05-14,FOODS_1_110,4,1.8824034456322447
2016-05-15,FOODS_1_110,1,1.6649962873259103
2016-05-16,FOODS_1_110,1,1.2716714814796681
2016-05-17,FOODS_1_110,9,1.3242229176968203
2016-05-18,FOODS_1_110,9,1.3801556688575947
2016-05-19,FOODS_1_110,7,1.5554538607483788
2016-05-20,FOODS_1_110,10,1.8614800136335432
2016-05-21,FOODS_1_110,7,1.8496260787616463
2016-05-22,FOODS_1_110,8,1.6509366011027569
2016-04-25,FOODS_1_112,1,1.5298931874432384
2016-04-26,FOODS_1_112,2,1.7198950767541565
2016-04-27,FOODS_1_112,2,1.3989565617936206
2016-04-28,FOODS_1_112,2,1.7065318202759896
2016-04-29,FOODS_1_112,1,0.7631630713883044
2016-04-30,FOODS_1_112,2,2.5012096901361622
2016-05-01,FOODS_1_112,0,2.9458409943927046
2016-05-02,FOODS_1_112,1,1.9432703019501307
2016-05-03,FOODS_1_112,2,1.72355670801954
2016-05-04,FOODS_1_112,1,0.32720659240278316
2016-05-05,FOODS_1_112,0,0.6677582771586057
2016-05-06,FOODS_1_112,1,0.946645002206793
2016-05-07,FOODS_1_112,0,2.197255840989912
2016-05-08,FOODS_1_112,0,1.068371949446882
2016-05-09,FOODS_1_112,1,1.9861139366672076
2016-05-10,FOODS_1_112,1,1.6516306249635084
2016-05-11,FOODS_1_112,1,1.2423026439012288
2016-05-12,FOODS_1_112,3,1.5532227851716187
2016-05-13,FOODS_1_112,2,1.4498956835395678
2016-05-14,FOODS_1_112,0,2.1278351058036695
2016-05-15,FOODS_1_112,2,1.277650608512943
2016-05-16,FOODS_1_112,1,1.3060220472311785
2016-05-17,FOODS_1_112,2,1.499334507779971
2016-05-18,FOODS_1_112,2,1.1861407585076722
2016-05-19,FOODS_1_112,1,1.4963133506693898
2016-05-20,FOODS_1_112,0,1.39311868594913
2016-05-21,FOODS_1_112,2,2.0688351389133874
2016-05-22,FOODS_1_112,10,1.2205403728744582
2016-04-25,FOODS_1_113,9,0.12465989605568568
2016-04-26,FOODS_1_113,6,0.12653457281019062
2016-04-27,FOODS_1_113,3,0.06418583774263134
2016-04-28,FOODS_1_113,7,0.16933238265332995
2016-04-29,FOODS_1_113,8,0.36827063363898843
2016-04-30,FOODS_1_113,5,1.033433875885448
2016-05-01,FOODS_1_113,1,1.1955097990308357
2016-05-02,FOODS_1_113,2,0.8688250729131816
2016-05-03,FOODS_1_113,2,0.22397317651256082
2016-05-04,FOODS_1_113,1,0.15706501572644166
2016-05-05,FOODS_1_113,0,0.07256389535633802
2016-05-06,FOODS_1_113,0,1.3085651613138194
2016-05-07,FOODS_1_113,0,0.3024030284466517
2016-05-08,FOODS_1_113,0,0.10323933230163912
2016-05-09,FOODS_1_113,9,0.1532824451871306
2016-05-10,FOODS_1_113,0,0.20532239504382416
2016-05-11,FOODS_1_113,2,0.11263681620294742
2016-05-12,FOODS_1_113,6,0.18816314510859944
2016-05-13,FOODS_1_113,13,0.39958594849224177
2016-05-14,FOODS_1_113,7,0.6605838511292942
2016-05-15,FOODS_1_113,0,0.5407015361211492
2016-05-16,FOODS_1_113,3,0.17622390839225607
2016-05-17,FOODS_1_113,2,0.15904622440557722
2016-05-18,FOODS_1_113,1,0.08678266700311883
2016-05-19,FOODS_1_113,1,0.17122087572114247
2016-05-20,FOODS_1_113,2,0.3896532479474904
2016-05-21,FOODS_1_113,1,0.6581371827325773
2016-05-22,FOODS_1_113,0,0.5595846944903874
2016-04-25,FOODS_1_120,0,0.31905023940165056
2016-04-26,FOODS_1_120,3,0.30397650381850144
2016-04-27,FOODS_1_120,0,0.31790621822083365
2016-04-28,FOODS_1_120,1,0.331698469615936
2016-04-29,FOODS_1_120,2,0.4191234592798682
2016-04-30,FOODS_1_120,2,0.44537384865812557
2016-05-01,FOODS_1_120,2,0.0771933339288036
2016-05-02,FOODS_1_120,1,0.40521753895460483
2016-05-03,FOODS_1_120,0,0.37300225708902307
2016-05-04,FOODS_1_120,2,0.4887116765570315
2016-05-05,FOODS_1_120,0,0.17336156740185518
2016-05-06,FOODS_1_120,0,0.34811537266515485
2016-05-07,FOODS_1_120,3,0.8128017816272362
2016-05-08,FOODS_1_120,1,0.4651591629714769
2016-05-09,FOODS_1_120,4,0.5905096392867442
2016-05-10,FOODS_1_120,0,0.41972752272644415
2016-05-11,FOODS_1_120,6,0.437242786701634
2016-05-12,FOODS_1_120,0,0.4391156483063931
2016-05-13,FOODS_1_120,2,0.4840468337088638
2016-05-14,FOODS_1_120,2,0.5654944106977081
2016-05-15,FOODS_1_120,1,0.4408846332841694
2016-05-16,FOODS_1_120,1,0.44885473472590537
2016-05-17,FOODS_1_120,2,0.42372931235581757
2016-05-18,FOODS_1_120,0,0.4221668795139569
2016-05-19,FOODS_1_120,3,0.4197246800896506
2016-05-20,FOODS_1_120,0,0.4589090967840755
2016-05-21,FOODS_1_120,1,0.5334797608731988
2016-05-22,FOODS_1_120,1,0.4145324246395315
2016-04-25,FOODS_1_130,2,2.353282223344489
2016-04-26,FOODS_1_130,2,2.3140118681962885
2016-04-27,FOODS_1_130,2,2.1855628663603985
2016-04-28,FOODS_1_130,3,2.365268350070064
2016-04-29,FOODS_1_130,1,3.43484175973936
2016-04-30,FOODS_1_130,5,2.119594872081316
2016-05-01,FOODS_1_130,3,5.972193932292857
2016-05-02,FOODS_1_130,5,1.6385145601738988
2016-05-03,FOODS_1_130,2,2.4587328257685046
2016-05-04,FOODS_1_130,2,2.9775528804353195
2016-05-05,FOODS_1_130,6,1.1607103785086506
2016-05-06,FOODS_1_130,3,1.2563600151701777
2016-05-07,FOODS_1_130,6,3.440501084327762
2016-05-08,FOODS_1_130,1,2.6557863745776675
2016-05-09,FOODS_1_130,2,1.5854348849517832
2016-05-10,FOODS_1_130,0,2.084201024990644
2016-05-11,FOODS_1_130,0,1.6968544537095653
2016-05-12,FOODS_1_130,0,1.812067847397353
2016-05-13,FOODS_1_130,2,2.168650452006395
2016-05-14,FOODS_1_130,5,2.633987404085832
2016-05-15,FOODS_1_130,1,2.542413837625994
2016-05-16,FOODS_1_130,2,1.744281016986405
2016-05-17,FOODS_1_130,1,1.6687310096082157
2016-05-18,FOODS_1_130,3,1.5241585010153296
2016-05-19,FOODS_1_130,2,1.705588850293986
2016-05-20,FOODS_1_130,2,2.1326363687740737
2016-05-21,FOODS_1_130,2,2.6711954040782073
2016-05-22,FOODS_1_130,5,2.6554707245138585
2016-04-25,FOODS_1_137,4,0.19828602743514756
2016-04-26,FOODS_1_137,0,0.2753813333446685
2016-04-27,FOODS_1_137,0,0.17204883717893232
2016-04-28,FOODS_1_137,0,0.2728845462329796
2016-04-29,FOODS_1_137,7,0.21448018563590257
2016-04-30,FOODS_1_137,6,0.832452253960995
2016-05-01,FOODS_1_137,4,0.35930121231347906
2016-05-02,FOODS_1_137,1,0.12298075198677423
2016-05-03,FOODS_1_137,2,0.34814227346932075
2016-05-04,FOODS_1_137,4,0.3356610724655615
2016-05-05,FOODS_1_137,0,0.26809913925375967
2016-05-06,FOODS_1_137,0,0.9469643084305082
2016-05-07,FOODS_1_137,0,0.3578500031961694
2016-05-08,FOODS_1_137,0,0.5077336220945775
2016-05-09,FOODS_1_137,0,0.26251087955082625
2016-05-10,FOODS_1_137,0,0.36544916206791234
2016-05-11,FOODS_1_137,0,0.2123887690092308
2016-05-12,FOODS_1_137,0,0.30344296813700494
2016-05-13,FOODS_1_137,12,0.301899459154629
2016-05-14,FOODS_1_137,3,0.36686672090710076
2016-05-15,FOODS_1_137,9,0.32920484123777455
2016-05-16,FOODS_1_137,0,0.26421069362256266
2016-05-17,FOODS_1_137,1,0.3285476338339968
2016-05-18,FOODS_1_137,0,0.26327727189442823
2016-05-19,FOODS_1_137,0,0.3413262201455321
2016-05-20,FOODS_1_137,0,0.33699137943438856
2016-05-21,FOODS_1_137,0,0.3898169973471439
2016-05-22,FOODS_1_137,0,0.3521805751337277
2016-04-25,FOODS_1_139,1,4.851432375088041
2016-04-26,FOODS_1_139,3,4.565282984371916
2016-04-27,FOODS_1_139,2,5.017632895226951
2016-04-28,FOODS_1_139,8,4.8260468977164415
2016-04-29,FOODS_1_139,5,5.31120978440896
2016-04-30,FOODS_1_139,5,9.45141428662382
2016-05-01,FOODS_1_139,10,4.2420175504872155
2016-05-02,FOODS_1_139,4,5.8933298785489505
2016-05-03,FOODS_1_139,7,5.125663514035683
2016-05-04,FOODS_1_139,0,4.992575644952076
2016-05-05,FOODS_1_139,8,3.9495665832905016
2016-05-06,FOODS_1_139,5,4.306608159274231
2016-05-07,FOODS_1_139,1,7.87912112129935
2016-05-08,FOODS_1_139,0,2.7604871004685134
2016-05-09,FOODS_1_139,0,6.9936975493551445
2016-05-10,FOODS_1_139,0,4.979483439318895
2016-05-11,FOODS_1_139,0,5.077990226640951
2016-05-12,FOODS_1_139,0,4.759576287028562
2016-05-13,FOODS_1_139,3,6.153801425649962
2016-05-14,FOODS_1_139,4,6.1511395807030755
2016-05-15,FOODS_1_139,6,5.524611492653379
2016-05-16,FOODS_1_139,1,4.736177003965275
2016-05-17,FOODS_1_139,3,4.300455691829077
2016-05-18,FOODS_1_139,0,4.619678102310945
2016-05-19,FOODS_1_139,5,4.298380250264902
2016-05-20,FOODS_1_139,6,5.7047840308311235
2016-05-21,FOODS_1_139,4,5.7176438336593325
2016-05-22,FOODS_1_139,10,5.112268291262553
2016-04-25,FOODS_1_153,0,2.0989535885607307
2016-04-26,FOODS_1_153,2,2.2324337882548866
2016-04-27,FOODS_1_153,0,2.027498877565053
2016-04-28,FOODS_1_153,0,1.892331947970187
2016-04-29,FOODS_1_153,0,1.488797721073131
2016-04-30,FOODS_1_153,1,2.597389491575463
2016-05-01,FOODS_1_153,3,1.222184833217272
2016-05-02,FOODS_1_153,4,1.8341881035617282
2016-05-03,FOODS_1_153,7,2.0390991664998266
2016-05-04,FOODS_1_153,2,2.366793153294323
2016-05-05,FOODS_1_153,8,1.785960708224817
2016-05-06,FOODS_1_153,0,2.5393411287290206
2016-05-07,FOODS_1_153,0,2.804964802696722
2016-05-08,FOODS_1_153,0,1.3042600023955417
2016-05-09,FOODS_1_153,0,1.2613861968603106
2016-05-10,FOODS_1_153,5,2.0049517718754086
2016-05-11,FOODS_1_153,4,1.9022866034194776
2016-05-12,FOODS_1_153,3,1.7828423396145532
2016-05-13,FOODS_1_153,1,1.918661495932903
2016-05-14,FOODS_1_153,4,2.926287933917924
2016-05-15,FOODS_1_153,2,2.9040413495590163
2016-05-16,FOODS_1_153,6,1.895814729006679
2016-05-17,FOODS_1_153,3,2.047260049437613
2016-05-18,FOODS_1_153,3,1.858350492945739
2016-05-19,FOODS_1_153,6,1.737019593805735
2016-05-20,FOODS_1_153,3,1.8722020305965845
2016-05-21,FOODS_1_153,0,2.880613473118478
2016-05-22,FOODS_1_153,0,2.861685159225607
2016-04-25,FOODS_1_154,3,2.5357950168045247
2016-04-26,FOODS_1_154,1,3.1054707646355095
2016-04-27,FOODS_1_154,9,2.900357125537993
2016-04-28,FOODS_1_154,2,4.067970582305897
2016-04-29,FOODS_1_154,0,3.4634558836712235
2016-04-30,FOODS_1_154,0,1.581166832056683
2016-05-01,FOODS_1_154,0,1.7613745191712562
2016-05-02,FOODS_1_154,2,7.692252771105887
2016-05-03,FOODS_1_154,2,4.362164811442242
2016-05-04,FOODS_1_154,3,3.2831730437297786
2016-05-05,FOODS_1_154,2,5.3104395518497585
2016-05-06,FOODS_1_154,0,6.067395931162325
2016-05-07,FOODS_1_154,3,7.6628237675501065
2016-05-08,FOODS_1_154,6,5.78009227722435
2016-05-09,FOODS_1_154,6,10.255035669704633
2016-05-10,FOODS_1_154,6,5.142270357715232
2016-05-11,FOODS_1_154,4,4.658234528699582
2016-05-12,FOODS_1_154,1,5.720789840480279
2016-05-13,FOODS_1_154,2,6.3317230753703635
2016-05-14,FOODS_1_154,6,6.557503290919481
2016-05-15,FOODS_1_154,0,5.401618170536165
2016-05-16,FOODS_1_154,5,4.574745419495319
2016-05-17,FOODS_1_154,2,4.97615104410493
2016-05-18,FOODS_1_154,0,4.571313850902524
2016-05-19,FOODS_1_154,0,5.549718589182442
2016-05-20,FOODS_1_154,1,6.087247537898357
2016-05-21,FOODS_1_154,0,6.253070018533811
2016-05-22,FOODS_1_154,0,5.046896180852092
2016-04-25,FOODS_1_161,3,4.851922887736093
2016-04-26,FOODS_1_161,1,5.550402605365798
2016-04-27,FOODS_1_161,0,4.698284315206128
2016-04-28,FOODS_1_161,1,4.807758424647934
2016-04-29,FOODS_1_161,1,5.36052747490119
2016-04-30,FOODS_1_161,1,10.137606041182213
2016-05-01,FOODS_1_161,1,9.095752481502737
2016-05-02,FOODS_1_161,0,7.691045565093782
2016-05-03,FOODS_1_161,0,5.908503836631451
2016-05-04,FOODS_1_161,2,6.081984834847459
2016-05-05,FOODS_1_161,0,7.239514995667122
2016-05-06,FOODS_1_161,3,9.062201246056672
2016-05-07,FOODS_1_161,5,7.939157391952539
2016-05-08,FOODS_1_161,4,5.338250306032323
2016-05-09,FOODS_1_161,1,3.6222028427607036
2016-05-10,FOODS_1_161,1,6.70797827220091
2016-05-11,FOODS_1_161,0,5.624978253993358
2016-05-12,FOODS_1_161,5,5.955919818308701
2016-05-13,FOODS_1_161,1,8.193867669784819
2016-05-14,FOODS_1_161,1,10.704352144715692
2016-05-15,FOODS_1_161,8,8.087813321441098
2016-05-16,FOODS_1_161,3,6.4497664110588735
2016-05-17,FOODS_1_161,1,7.378018058837511
2016-05-18,FOODS_1_161,4,6.733861315922134
2016-05-19,FOODS_1_161,1,7.017744554153106
2016-05-20,FOODS_1_161,2,9.189133369947818
2016-05-21,FOODS_1_161,0,11.616978744583454
2016-05-22,FOODS_1_161,3,8.909541837816871
2016-04-25,FOODS_1_162,1,3.0762253400658888
2016-04-26,FOODS_1_162,5,3.0513815710701206
2016-04-27,FOODS_1_162,3,3.0249073482968627
2016-04-28,FOODS_1_162,1,3.092063026349088
2016-04-29,FOODS_1_162,2,2.6894846710398417
2016-04-30,FOODS_1_162,6,2.4594789565426387
2016-05-01,FOODS_1_162,2,1.977849288463183
2016-05-02,FOODS_1_162,0,3.682154446910174
2016-05-03,FOODS_1_162,2,3.1966445373051537
2016-05-04,FOODS_1_162,5,3.1635559056780727
2016-05-05,FOODS_1_162,4,3.2097925804083927
2016-05-06,FOODS_1_162,7,4.125547951133822
2016-05-07,FOODS_1_162,5,7.982331529583172
2016-05-08,FOODS_1_162,2,3.1190537893393553
2016-05-09,FOODS_1_162,1,1.3984344174107874
2016-05-10,FOODS_1_162,3,3.543963614763394
2016-05-11,FOODS_1_162,2,3.46940489468075
2016-05-12,FOODS_1_162,6,3.6122794017394475
2016-05-13,FOODS_1_162,2,3.9245133017031812
2016-05-14,FOODS_1_162,3,4.292803672766327
2016-05-15,FOODS_1_162,3,4.239324042457348
2016-05-16,FOODS_1_162,2,3.7728132577817393
2016-05-17,FOODS_1_162,1,3.818258547599664
2016-05-18,FOODS_1_162,4,3.8490728731523682
2016-05-19,FOODS_1_162,2,3.9536727345870575
2016-05-20,FOODS_1_162,3,4.2159882356317775
2016-05-21,FOODS_1_162,4,4.525418237618035
2016-05-22,FOODS_1_162,1,4.4137746521073264
2016-04-25,FOODS_1_163,0,0.0
2016-04-26,FOODS_1_163,2,0.0
2016-04-27,FOODS_1_163,0,0.0
2016-04-28,FOODS_1_163,0,0.0
2016-04-29,FOODS_1_163,1,0.1077336229349007
2016-04-30,FOODS_1_163,0,0.0
2016-05-01,FOODS_1_163,2,0.0
2016-05-02,FOODS_1_163,0,0.05905493650261172
2016-05-03,FOODS_1_163,0,0.0
2016-05-04,FOODS_1_163,0,0.0
2016-05-05,FOODS_1_163,0,0.0
2016-05-06,FOODS_1_163,0,0.0
2016-05-07,FOODS_1_163,1,0.0
2016-05-08,FOODS_1_163,0,0.0
2016-05-09,FOODS_1_163,1,0.0
2016-05-10,FOODS_1_163,1,0.0
2016-05-11,FOODS_1_163,0,0.0
2016-05-12,FOODS_1_163,0,0.0
2016-05-13,FOODS_1_163,0,0.0
2016-05-14,FOODS_1_163,0,0.0
2016-05-15,FOODS_1_163,0,0.0
2016-05-16,FOODS_1_163,0,0.0
2016-05-17,FOODS_1_163,0,0.0
2016-05-18,FOODS_1_163,0,0.0
2016-05-19,FOODS_1_163,0,0.0
2016-05-20,FOODS_1_163,1,0.0
2016-05-21,FOODS_1_163,1,0.0
2016-05-22,FOODS_1_163,0,0.0
2016-04-25,FOODS_1_166,1,1.2140591951139452
2016-04-26,FOODS_1_166,1,0.9292936971249616
2016-04-27,FOODS_1_166,0,1.1306287760351503
2016-04-28,FOODS_1_166,4,1.351368780345905
2016-04-29,FOODS_1_166,1,2.231026711249
2016-04-30,FOODS_1_166,5,1.2964033072633154
2016-05-01,FOODS_1_166,3,1.2199297192642713
2016-05-02,FOODS_1_166,1,0.9551958647090767
2016-05-03,FOODS_1_166,2,1.1812048806827287
2016-05-04,FOODS_1_166,1,3.400969423125281
2016-05-05,FOODS_1_166,0,3.7833236947701834
2016-05-06,FOODS_1_166,3,0.9270539359387595
2016-05-07,FOODS_1_166,2,2.437156465878597
2016-05-08,FOODS_1_166,2,2.2645926691267704
2016-05-09,FOODS_1_166,1,2.066849867394806
2016-05-10,FOODS_1_166,5,1.4278270462055496
2016-05-11,FOODS_1_166,1,1.747631220434928
2016-05-12,FOODS_1_166,1,1.9099901614962453
2016-05-13,FOODS_1_166,1,2.033310800712316
2016-05-14,FOODS_1_166,4,2.7253333378942934
2016-05-15,FOODS_1_166,1,2.8342484982745177
2016-05-16,FOODS_1_166,1,1.8850156124662443
2016-05-17,FOODS_1_166,2,1.5184640436113195
2016-05-18,FOODS_1_166,2,1.6352068404705786
2016-05-19,FOODS_1_166,1,1.7670753101169951
2016-05-20,FOODS_1_166,6,1.866029599645984
2016-05-21,FOODS_1_166,0,2.5418732252147698
2016-05-22,FOODS_1_166,4,2.6402286308823584
2016-04-25,FOODS_1_170,1,0.0
2016-04-26,FOODS_1_170,7,0.0
2016-04-27,FOODS_1_170,0,0.0
2016-04-28,FOODS_1_170,3,0.0
2016-04-29,FOODS_1_170,6,0.0
2016-04-30,FOODS_1_170,1,0.0
2016-05-01,FOODS_1_170,6,0.0
2016-05-02,FOODS_1_170,5,0.0
2016-05-03,FOODS_1_170,1,0.0
2016-05-04,FOODS_1_170,0,0.0
2016-05-05,FOODS_1_170,0,0.0
2016-05-06,FOODS_1_170,0,0.0
2016-05-07,FOODS_1_170,1,0.0
2016-05-08,FOODS_1_170,0,0.0
2016-05-09,FOODS_1_170,6,0.0
2016-05-10,FOODS_1_170,6,0.0
2016-05-11,FOODS_1_170,5,0.0
2016-05-12,FOODS_1_170,2,0.0
2016-05-13,FOODS_1_170,2,0.0
2016-05-14,FOODS_1_170,7,0.0
2016-05-15,FOODS_1_170,6,0.0
2016-05-16,FOODS_1_170,4,0.0
2016-05-17,FOODS_1_170,1,0.0
2016-05-18,FOODS_1_170,0,0.0
2016-05-19,FOODS_1_170,3,0.0
2016-05-20,FOODS_1_170,2,0.0
2016-05-21,FOODS_1_170,9,0.0
2016-05-22,FOODS_1_170,0,0.0
2016-04-25,FOODS_1_172,3,2.9505685557454946
2016-04-26,FOODS_1_172,0,2.67144515870593
2016-04-27,FOODS_1_172,2,3.0065544702816065
2016-04-28,FOODS_1_172,2,2.9231314579511496
2016-04-29,FOODS_1_172,7,3.0989257990725023
2016-04-30,FOODS_1_172,2,6.6950225328267905
2016-05-01,FOODS_1_172,4,6.750493465227428
2016-05-02,FOODS_1_172,4,2.7507741329203634
2016-05-03,FOODS_1_172,2,3.3764592923566403
2016-05-04,FOODS_1_172,2,3.7224551717964776
2016-05-05,FOODS_1_172,1,2.9251939023184335
2016-05-06,FOODS_1_172,2,3.7170986159068566
2016-05-07,FOODS_1_172,2,5.020573361153924
2016-05-08,FOODS_1_172,2,5.050987697123207
2016-05-09,FOODS_1_172,0,3.749794748536431
2016-05-10,FOODS_1_172,1,4.143755909781589
2016-05-11,FOODS_1_172,2,4.336742935111105
2016-05-12,FOODS_1_172,2,4.2878105960752775
2016-05-13,FOODS_1_172,1,4.822744204338972
2016-05-14,FOODS_1_172,4,6.054388285836678
2016-05-15,FOODS_1_172,1,6.109405523414234
2016-05-16,FOODS_1_172,2,4.663619229600766
2016-05-17,FOODS_1_172,2,4.384918939504757
2016-05-18,FOODS_1_172,1,4.702416036036401
2016-05-19,FOODS_1_172,1,4.571788149151252
2016-05-20,FOODS_1_172,0,5.0263695692480015
2016-05-21,FOODS_1_172,0,6.181337632531545
2016-05-22,FOODS_1_172,2,6.157899500912364
2016-04-25,FOODS_1_173,2,2.170839193084739
2016-04-26,FOODS_1_173,0,1.8698042182805563
2016-04-27,FOODS_1_173,5,1.8823212802117728
2016-04-28,FOODS_1_173,2,2.848225905199378
2016-04-29,FOODS_1_173,6,2.967367917695138
2016-04-30,FOODS_1_173,7,10.577411057826652
2016-05-01,FOODS_1_173,2,4.785921134865131
2016-05-02,FOODS_1_173,0,2.6703629364675305
2016-05-03,FOODS_1_173,3,2.014623129302096
2016-05-04,FOODS_1_173,5,3.47097824920108
2016-05-05,FOODS_1_173,1,4.232268814633812
2016-05-06,FOODS_1_173,7,5.608531758855569
2016-05-07,FOODS_1_173,16,9.675440287553398
2016-05-08,FOODS_1_173,9,4.500439440583318
2016-05-09,FOODS_1_173,2,1.1219946675653472
2016-05-10,FOODS_1_173,4,2.6617487772836954
2016-05-11,FOODS_1_173,3,2.8696784430133992
2016-05-12,FOODS_1_173,2,3.9601465964087326
2016-05-13,FOODS_1_173,4,5.894769649086243
2016-05-14,FOODS_1_173,3,6.905339396860803
2016-05-15,FOODS_1_173,5,4.703679244510026
2016-05-16,FOODS_1_173,1,3.9506379514511036
2016-05-17,FOODS_1_173,2,3.780067090299532
2016-05-18,FOODS_1_173,1,3.9253237393182214
2016-05-19,FOODS_1_173,13,5.030375673549677
2016-05-20,FOODS_1_173,2,6.971697555642801
2016-05-21,FOODS_1_173,3,7.97445711568876
2016-05-22,FOODS_1_173,0,5.742166504701759
2016-04-25,FOODS_1_181,3,1.8145356900468537
2016-04-26,FOODS_1_181,3,2.219004662953277
2016-04-27,FOODS_1_181,2,1.9553714612947402
2016-04-28,FOODS_1_181,2,2.544657788839281
2016-04-29,FOODS_1_181,2,2.4070325812772193
2016-04-30,FOODS_1_181,1,4.943660974200013
2016-05-01,FOODS_1_181,4,2.225251085668874
2016-05-02,FOODS_1_181,3,0.961025181647916
2016-05-03,FOODS_1_181,1,2.124393501591639
2016-05-04,FOODS_1_181,3,1.681473263547653
2016-05-05,FOODS_1_181,6,2.2121196513388535
2016-05-06,FOODS_1_181,5,2.488836196233844
2016-05-07,FOODS_1_181,4,2.5996412978718073
2016-05-08,FOODS_1_181,5,2.4291379670534945
2016-05-09,FOODS_1_181,1,3.833718098017185
2016-05-10,FOODS_1_181,4,2.865322502366353
2016-05-11,FOODS_1_181,5,3.0341693537492778
2016-05-12,FOODS_1_181,2,3.7574334463887475
2016-05-13,FOODS_1_181,5,3.940064574795014
2016-05-14,FOODS_1_181,2,4.643156738497477
2016-05-15,FOODS_1_181,4,4.684185707669167
2016-05-16,FOODS_1_181,4,3.4796928517711985
2016-05-17,FOODS_1_181,0,4.030397183031169
2016-05-18,FOODS_1_181,2,3.8832698214253463
2016-05-19,FOODS_1_181,5,4.577904518211084
2016-05-20,FOODS_1_181,2,4.720948872095737
2016-05-21,FOODS_1_181,8,5.378848231720016
2016-05-22,FOODS_1_181,6,5.364889056313204
2016-04-25,FOODS_1_183,3,2.0717919519486134
2016-04-26,FOODS_1_183,0,2.1401752388474096
2016-04-27,FOODS_1_183,0,1.9168385957956098
2016-04-28,FOODS_1_183,0,1.8430868611759719
2016-04-29,FOODS_1_183,0,1.6032224273112574
2016-04-30,FOODS_1_183,4,2.524046527393207
2016-05-01,FOODS_1_183,3,6.334731801387365
2016-05-02,FOODS_1_183,1,3.2876608294745964
2016-05-03,FOODS_1_183,1,2.5289470750984075
2016-05-04,FOODS_1_183,1,1.6057768174356057
2016-05-05,FOODS_1_183,1,1.0956278168061395
2016-05-06,FOODS_1_183,1,2.9086973942294962
2016-05-07,FOODS_1_183,3,3.4941792571521004
2016-05-08,FOODS_1_183,5,4.096855368580411
2016-05-09,FOODS_1_183,2,1.7767252116707415
2016-05-10,FOODS_1_183,0,2.446934718586505
2016-05-11,FOODS_1_183,0,1.8053741567078443
2016-05-12,FOODS_1_183,1,1.7195068859841076
2016-05-13,FOODS_1_183,1,2.0829566359241913
2016-05-14,FOODS_1_183,3,3.4325394284629023
2016-05-15,FOODS_1_183,7,4.099440928303321
2016-05-16,FOODS_1_183,3,1.9073304177983306
2016-05-17,FOODS_1_183,2,1.9744084062576777
2016-05-18,FOODS_1_183,1,1.7553054187316612
2016-05-19,FOODS_1_183,0,1.6883779598636517
2016-05-20,FOODS_1_183,3,2.07239982666786
2016-05-21,FOODS_1_183,3,3.4422164622989295
2016-05-22,FOODS_1_183,3,4.133105360970165
2016-04-25,FOODS_1_184,2,2.7063776122271586
2016-04-26,FOODS_1_184,1,2.592328138997398
2016-04-27,FOODS_1_184,1,2.597991355362351
2016-04-28,FOODS_1_184,2,2.5735402623296157
2016-04-29,FOODS_1_184,0,2.75397463614868
2016-04-30,FOODS_1_184,1,1.445486602332797
2016-05-01,FOODS_1_184,3,0.6676437007951658
2016-05-02,FOODS_1_184,0,1.9693902483950407
2016-05-03,FOODS_1_184,1,2.275674863507826
2016-05-04,FOODS_1_184,0,5.008017319333704
2016-05-05,FOODS_1_184,0,1.9687260676185419
2016-05-06,FOODS_1_184,0,1.8249333067311095
2016-05-07,FOODS_1_184,0,2.9818467798391506
2016-05-08,FOODS_1_184,0,1.5925307912390247
2016-05-09,FOODS_1_184,3,1.3667356990736144
2016-05-10,FOODS_1_184,1,2.0197718828412583
2016-05-11,FOODS_1_184,0,1.9592163268899823
2016-05-12,FOODS_1_184,1,1.9936311510726479
2016-05-13,FOODS_1_184,1,2.2613325151728314
2016-05-14,FOODS_1_184,2,2.606521310950423
2016-05-15,FOODS_1_184,2,2.46416760737301
2016-05-16,FOODS_1_184,0,2.0152246316786586
2016-05-17,FOODS_1_184,1,1.9754968683613126
2016-05-18,FOODS_1_184,3,2.060631470912547
2016-05-19,FOODS_1_184,0,2.121933097447729
2016-05-20,FOODS_1_184,1,2.40822825455859
2016-05-21,FOODS_1_184,2,2.764766965979044
2016-05-22,FOODS_1_184,3,2.631208845297018
2016-04-25,FOODS_1_194,1,0.7111180830871197
2016-04-26,FOODS_1_194,0,0.6499900444026409
2016-04-27,FOODS_1_194,1,0.6499529833301073
2016-04-28,FOODS_1_194,1,0.697030420978522
2016-04-29,FOODS_1_194,0,0.28088571484553315
2016-04-30,FOODS_1_194,3,0.3074596185516882
2016-05-01,FOODS_1_194,4,0.0
2016-05-02,FOODS_1_194,5,0.5625466702842649
2016-05-03,FOODS_1_194,2,0.8234967844950764
2016-05-04,FOODS_1_194,0,0.7344294617011708
2016-05-05,FOODS_1_194,0,1.7054286528462355
2016-05-06,FOODS_1_194,1,1.850350583987343
2016-05-07,FOODS_1_194,2,2.141719927291293
2016-05-08,FOODS_1_194,1,0.917405131299062
2016-05-09,FOODS_1_194,2,0.13936117355130684
2016-05-10,FOODS_1_194,0,1.3458136035288515
2016-05-11,FOODS_1_194,0,1.4307844643714425
2016-05-12,FOODS_1_194,1,1.5421830781658445
2016-05-13,FOODS_1_194,1,1.8599437016950047
2016-05-14,FOODS_1_194,1,2.199540425092197
2016-05-15,FOODS_1_194,3,2.207694518081486
2016-05-16,FOODS_1_194,0,1.744138209215072
2016-05-17,FOODS_1_194,3,1.722111519243998
2016-05-18,FOODS_1_194,2,1.7407189600753308
2016-05-19,FOODS_1_194,6,1.7853734524475249
2016-05-20,FOODS_1_194,5,2.0319606237119423
2016-05-21,FOODS_1_194,5,2.298133981323133
2016-05-22,FOODS_1_194,6,2.2330797325527465
2016-04-25,FOODS_1_200,2,6.489859458986239
2016-04-26,FOODS_1_200,8,6.927839337760005
2016-04-27,FOODS_1_200,7,6.686437540443185
2016-04-28,FOODS_1_200,8,6.57460836118984
2016-04-29,FOODS_1_200,11,8.903138339106066
2016-04-30,FOODS_1_200,11,12.219595634789163
2016-05-01,FOODS_1_200,8,4.0308723896411305
2016-05-02,FOODS_1_200,4,14.644392018235472
2016-05-03,FOODS_1_200,6,6.817355466696131
2016-05-04,FOODS_1_200,12,6.255962788843857
2016-05-05,FOODS_1_200,7,6.584440617142211
2016-05-06,FOODS_1_200,6,9.388118411006124
2016-05-07,FOODS_1_200,4,2.577207132262369
2016-05-08,FOODS_1_200,10,8.37670993538891
2016-05-09,FOODS_1_200,4,4.915242725413939
2016-05-10,FOODS_1_200,7,6.344831909841153
2016-05-11,FOODS_1_200,7,6.096240031678544
2016-05-12,FOODS_1_200,3,5.790774334972555
2016-05-13,FOODS_1_200,13,7.376590266791939
2016-05-14,FOODS_1_200,10,8.866932099929022
2016-05-15,FOODS_1_200,8,7.339954576451973
2016-05-16,FOODS_1_200,4,4.665411019438243
2016-05-17,FOODS_1_200,1,4.812823538438915
2016-05-18,FOODS_1_200,8,4.258479642406072
2016-05-19,FOODS_1_200,6,3.813420766791524
2016-05-20,FOODS_1_200,9,5.277294555247917
2016-05-21,FOODS_1_200,18,6.671183759027643
2016-05-22,FOODS_1_200,5,5.082519855689222
2016-04-25,FOODS_1_201,0,1.5121081076889333
2016-04-26,FOODS_1_201,2,1.5552173460227308
2016-04-27,FOODS_1_201,2,1.5903540628309718
2016-04-28,FOODS_1_201,1,1.5121571905227214
2016-04-29,FOODS_1_201,1,1.6709313380698485
2016-04-30,FOODS_1_201,5,3.240389238841318
2016-05-01,FOODS_1_201,2,0.08325100945931843
2016-05-02,FOODS_1_201,4,1.289730904967126
2016-05-03,FOODS_1_201,3,1.4443238907053313
2016-05-04,FOODS_1_201,3,0.8431788227934358
2016-05-05,FOODS_1_201,5,0.6748844806122095
2016-05-06,FOODS_1_201,3,2.877402070908178
2016-05-07,FOODS_1_201,1,3.635780576398322
2016-05-08,FOODS_1_201,0,1.8020607908299884
2016-05-09,FOODS_1_201,1,1.9135397017714162
2016-05-10,FOODS_1_201,9,1.4270985109994032
2016-05-11,FOODS_1_201,4,1.573143482687043
2016-05-12,FOODS_1_201,2,1.492941458666741
2016-05-13,FOODS_1_201,3,1.615508584821388
2016-05-14,FOODS_1_201,4,2.454620726523913
2016-05-15,FOODS_1_201,2,2.5240549671528756
2016-05-16,FOODS_1_201,2,1.5304771432954283
2016-05-17,FOODS_1_201,1,1.5749404223450252
2016-05-18,FOODS_1_201,1,1.6149841180461861
2016-05-19,FOODS_1_201,1,1.5440453235974703
2016-05-20,FOODS_1_201,2,1.67620757667757
2016-05-21,FOODS_1_201,3,2.5264454012159083
2016-05-22,FOODS_1_201,1,2.604253639671929
2016-04-25,FOODS_1_204,3,1.5712193454926016
2016-04-26,FOODS_1_204,3,1.0642031659186468
2016-04-27,FOODS_1_204,3,1.3228220668696171
2016-04-28,FOODS_1_204,6,1.916794765085222
2016-04-29,FOODS_1_204,7,7.115847925903485
2016-04-30,FOODS_1_204,4,4.094398000718796
2016-05-01,FOODS_1_204,2,1.3519287090837506
2016-05-02,FOODS_1_204,0,0.4985463358828871
2016-05-03,FOODS_1_204,2,2.385673226820978
2016-05-04,FOODS_1_204,2,2.2493127325194258
2016-05-05,FOODS_1_204,4,3.005015591439174
2016-05-06,FOODS_1_204,7,3.023825455298774
2016-05-07,FOODS_1_204,0,4.071707253560128
2016-05-08,FOODS_1_204,2,2.8961925710819267
2016-05-09,FOODS_1_204,0,1.4054613908208806
2016-05-10,FOODS_1_204,0,3.3443730427421268
2016-05-11,FOODS_1_204,1,3.1742808677767873
2016-05-12,FOODS_1_204,0,3.725853315948261
2016-05-13,FOODS_1_204,1,4.623665992490907
2016-05-14,FOODS_1_204,2,5.72028973050947
2016-05-15,FOODS_1_204,3,4.846716869749045
2016-05-16,FOODS_1_204,1,3.53062759503959
2016-05-17,FOODS_1_204,0,2.856566020493877
2016-05-18,FOODS_1_204,0,2.940551715594629
2016-05-19,FOODS_1_204,0,3.335747103476699
2016-05-20,FOODS_1_204,1,4.094387484891947
2016-05-21,FOODS_1_204,1,5.070881646842761
2016-05-22,FOODS_1_204,0,4.06566605043183
2016-04-25,FOODS_1_206,2,1.821824281155612
2016-04-26,FOODS_1_206,2,1.8228169258697975
2016-04-27,FOODS_1_206,2,1.7663104584242197
2016-04-28,FOODS_1_206,5,1.5725810933300244
2016-04-29,FOODS_1_206,0,0.9802513883499485
2016-04-30,FOODS_1_206,3,2.4489384011868816
2016-05-01,FOODS_1_206,1,0.7935652549807962
2016-05-02,FOODS_1_206,1,0.45428035934547584
2016-05-03,FOODS_1_206,1,1.3297659811572589
2016-05-04,FOODS_1_206,1,1.0809572779682892
2016-05-05,FOODS_1_206,1,1.4894253881455397
2016-05-06,FOODS_1_206,0,2.4571316237437855
2016-05-07,FOODS_1_206,4,1.5233007163315435
2016-05-08,FOODS_1_206,3,1.1013051480637506
2016-05-09,FOODS_1_206,2,1.3188187669176334
2016-05-10,FOODS_1_206,7,1.0951915626871125
2016-05-11,FOODS_1_206,3,1.1756416878343932
2016-05-12,FOODS_1_206,0,1.0478161610639403
2016-05-13,FOODS_1_206,4,1.4114686216955445
2016-05-14,FOODS_1_206,7,1.6487448260640918
2016-05-15,FOODS_1_206,0,1.4226759980644372
2016-05-16,FOODS_1_206,3,1.251943563668953
2016-05-17,FOODS_1_206,0,1.3455508582498852
2016-05-18,FOODS_1_206,6,1.3922510769126804
2016-05-19,FOODS_1_206,3,1.3112885620856876
2016-05-20,FOODS_1_206,4,1.7131516090026193
2016-05-21,FOODS_1_206,6,1.9822447258434648
2016-05-22,FOODS_1_206,4,1.7826374088937262
2016-04-25,FOODS_1_217,5,2.44747136461474
2016-04-26,FOODS_1_217,0,2.561514387680585
2016-04-27,FOODS_1_217,3,2.5285434441541197
2016-04-28,FOODS_1_217,1,2.990351227747009
2016-04-29,FOODS_1_217,1,1.6692616737252934
2016-04-30,FOODS_1_217,6,0.2503047542837998
2016-05-01,FOODS_1_217,3,0.0
2016-05-02,FOODS_1_217,3,0.8744859468696141
2016-05-03,FOODS_1_217,0,2.2996279659387056
2016-05-04,FOODS_1_217,7,1.5962021240412905
2016-05-05,FOODS_1_217,4,2.394321509119316
2016-05-06,FOODS_1_217,7,2.1273231192923965
2016-05-07,FOODS_1_217,6,4.576005517312523
2016-05-08,FOODS_1_217,2,1.375370149607143
2016-05-09,FOODS_1_217,1,2.2970380131253396
2016-05-10,FOODS_1_217,1,1.772772974506829
2016-05-11,FOODS_1_217,2,1.8605607817474814
2016-05-12,FOODS_1_217,0,2.188013846428747
2016-05-13,FOODS_1_217,0,2.2846509960592494
2016-05-14,FOODS_1_217,4,2.484283121757013
2016-05-15,FOODS_1_217,2,1.940691138955943
2016-05-16,FOODS_1_217,0,1.1750991322824733
2016-05-17,FOODS_1_217,3,1.1366337191500098
2016-05-18,FOODS_1_217,3,0.9573574389383903
2016-05-19,FOODS_1_217,9,1.2933506743310823
2016-05-20,FOODS_1_217,6,1.4113844170958516
2016-05-21,FOODS_1_217,0,1.6469114960195383
2016-05-22,FOODS_1_217,1,1.1484676531824218
2016-04-25,FOODS_1_218,9,3.7518216965574367
2016-04-26,FOODS_1_218,6,3.589350964436021
2016-04-27,FOODS_1_218,4,3.503293286909556
2016-04-28,FOODS_1_218,13,3.412276582595581
2016-04-29,FOODS_1_218,6,2.877565343088165
2016-04-30,FOODS_1_218,10,4.9875253427071105
2016-05-01,FOODS_1_218,9,3.2037355079200975
2016-05-02,FOODS_1_218,9,2.797890841617632
2016-05-03,FOODS_1_218,16,3.6094525887717
2016-05-04,FOODS_1_218,13,5.56484390911264
2016-05-05,FOODS_1_218,13,3.359652832481864
2016-05-06,FOODS_1_218,18,6.873703188540934
2016-05-07,FOODS_1_218,16,6.332942696548326
2016-05-08,FOODS_1_218,16,8.012221115975041
2016-05-09,FOODS_1_218,5,3.2387983826377784
2016-05-10,FOODS_1_218,3,3.671987580871332
2016-05-11,FOODS_1_218,4,3.0467823217657513
2016-05-12,FOODS_1_218,14,3.18117753148627
2016-05-13,FOODS_1_218,13,4.74084370950081
2016-05-14,FOODS_1_218,27,7.483099452701906
2016-05-15,FOODS_1_218,6,6.197830346740918
2016-05-16,FOODS_1_218,2,3.5749371798507084
2016-05-17,FOODS_1_218,12,3.6960997771590804
2016-05-18,FOODS_1_218,15,3.8876074427076963
2016-05-19,FOODS_1_218,2,4.066750539121603
2016-05-20,FOODS_1_218,3,5.641515734106922
2016-05-21,FOODS_1_218,4,8.372143801135476
2016-05-22,FOODS_1_218,1,7.109041505265102
2016-04-25,FOODS_1_219,1,2.6402035780821387
2016-04-26,FOODS_1_219,3,2.818211729682004
2016-04-27,FOODS_1_219,3,3.1090954562072146
2016-04-28,FOODS_1_219,3,2.7726184360546915
2016-04-29,FOODS_1_219,3,2.49159947615164
2016-04-30,FOODS_1_219,3,3.4033832842849865
2016-05-01,FOODS_1_219,5,0.0
2016-05-02,FOODS_1_219,4,4.830265964458916
2016-05-03,FOODS_1_219,3,3.262109202774433
2016-05-04,FOODS_1_219,1,6.803625485231465
2016-05-05,FOODS_1_219,0,2.4030562890697023
2016-05-06,FOODS_1_219,2,5.662657286145827
2016-05-07,FOODS_1_219,7,4.795588287543962
2016-05-08,FOODS_1_219,2,6.106349422067989
2016-05-09,FOODS_1_219,5,7.889693734932695
2016-05-10,FOODS_1_219,2,3.765937720824277
2016-05-11,FOODS_1_219,4,4.106065629747984
2016-05-12,FOODS_1_219,1,3.760172812750312
2016-05-13,FOODS_1_219,2,4.984598410347425
2016-05-14,FOODS_1_219,5,5.7603679697359444
2016-05-15,FOODS_1_219,4,6.10025945752773
2016-05-16,FOODS_1_219,2,4.03113670731122
2016-05-17,FOODS_1_219,1,4.198935041000765
2016-05-18,FOODS_1_219,2,4.475623307089756
2016-05-19,FOODS_1_219,5,4.106645909822767
2016-05-20,FOODS_1_219,4,5.3187346875562165
2016-05-21,FOODS_1_219,5,6.079926216923332
2016-05-22,FOODS_1_219,3,6.403275356635192
