date,item_id,actual,xgb_pred
2016-04-25,FOODS_1_004,0,0.029033551
2016-04-26,FOODS_1_004,4,0.022542175
2016-04-27,FOODS_1_004,5,0.8026448
2016-04-28,FOODS_1_004,2,1.2908353
2016-04-29,FOODS_1_004,6,1.3417689
2016-04-30,FOODS_1_004,4,2.714821
2016-05-01,FOODS_1_004,6,3.2946584
2016-05-02,FOODS_1_004,4,3.836218
2016-05-03,FOODS_1_004,3,3.66636
2016-05-04,FOODS_1_004,3,3.54849
2016-05-05,FOODS_1_004,4,3.111611
2016-05-06,FOODS_1_004,2,3.8108027
2016-05-07,FOODS_1_004,3,3.6206145
2016-05-08,FOODS_1_004,4,3.0494573
2016-05-09,FOODS_1_004,0,2.4119158
2016-05-10,FOODS_1_004,7,2.1580393
2016-05-11,FOODS_1_004,7,2.199127
2016-05-12,FOODS_1_004,1,2.557417
2016-05-13,FOODS_1_004,5,2.636028
2016-05-14,FOODS_1_004,6,3.481372
2016-05-15,FOODS_1_004,2,3.9126914
2016-05-16,FOODS_1_004,5,3.0438309
2016-05-17,FOODS_1_004,1,3.1727936
2016-05-18,FOODS_1_004,2,2.822058
2016-05-19,FOODS_1_004,1,2.5573096
2016-05-20,FOODS_1_004,1,2.7795432
2016-05-21,FOODS_1_004,3,3.233501
2016-05-22,FOODS_1_004,4,3.2958398
2016-04-25,FOODS_1_012,3,3.0342855
2016-04-26,FOODS_1_012,2,2.2414
2016-04-27,FOODS_1_012,4,2.2487833
2016-04-28,FOODS_1_012,3,2.4883301
2016-04-29,FOODS_1_012,2,2.6462722
2016-04-30,FOODS_1_012,1,3.019981
2016-05-01,FOODS_1_012,3,3.3007674
2016-05-02,FOODS_1_012,1,2.8282363
2016-05-03,FOODS_1_012,6,2.3894045
2016-05-04,FOODS_1_012,0,2.6704721
2016-05-05,FOODS_1_012,1,2.3483605
2016-05-06,FOODS_1_012,6,2.4337518
2016-05-07,FOODS_1_012,0,3.2097108
2016-05-08,FOODS_1_012,2,2.6418402
2016-05-09,FOODS_1_012,0,2.3648794
2016-05-10,FOODS_1_012,3,1.9898281
2016-05-11,FOODS_1_012,4,1.9091862
2016-05-12,FOODS_1_012,0,2.0484588
2016-05-13,FOODS_1_012,2,2.1888373
2016-05-14,FOODS_1_012,1,2.478263
2016-05-15,FOODS_1_012,0,2.8309188
2016-05-16,FOODS_1_012,1,1.9874101
2016-05-17,FOODS_1_012,4,1.8491863
2016-05-18,FOODS_1_012,7,1.7990843
2016-05-19,FOODS_1_012,6,2.1136353
2016-05-20,FOODS_1_012,5,2.8155158
2016-05-21,FOODS_1_012,3,3.0034697
2016-05-22,FOODS_1_012,8,3.5006979
2016-04-25,FOODS_1_018,9,8.409835
2016-04-26,FOODS_1_018,9,8.271162
2016-04-27,FOODS_1_018,3,9.902919
2016-04-28,FOODS_1_018,6,10.228438
2016-04-29,FOODS_1_018,1,11.008981
2016-04-30,FOODS_1_018,9,9.522489
2016-05-01,FOODS_1_018,2,8.860851
2016-05-02,FOODS_1_018,5,6.191703
2016-05-03,FOODS_1_018,2,5.7946663
2016-05-04,FOODS_1_018,7,5.059106
2016-05-05,FOODS_1_018,12,5.2721453
2016-05-06,FOODS_1_018,24,7.936779
2016-05-07,FOODS_1_018,23,9.82826
2016-05-08,FOODS_1_018,7,9.857393
2016-05-09,FOODS_1_018,3,9.16094
2016-05-10,FOODS_1_018,3,8.850812
2016-05-11,FOODS_1_018,10,8.219855
2016-05-12,FOODS_1_018,4,8.315116
2016-05-13,FOODS_1_018,7,7.303548
2016-05-14,FOODS_1_018,8,8.919508
2016-05-15,FOODS_1_018,15,7.885567
2016-05-16,FOODS_1_018,5,7.1824927
2016-05-17,FOODS_1_018,11,6.8939214
2016-05-18,FOODS_1_018,6,7.4481773
2016-05-19,FOODS_1_018,17,7.8014803
2016-05-20,FOODS_1_018,11,10.809357
2016-05-21,FOODS_1_018,13,13.289138
2016-05-22,FOODS_1_018,11,11.943725
2016-04-25,FOODS_1_019,2,8.454409
2016-04-26,FOODS_1_019,2,7.717656
2016-04-27,FOODS_1_019,0,6.0357695
2016-04-28,FOODS_1_019,3,5.862878
2016-04-29,FOODS_1_019,11,7.3363853
2016-04-30,FOODS_1_019,24,8.5087595
2016-05-01,FOODS_1_019,21,8.946364
2016-05-02,FOODS_1_019,0,7.919334
2016-05-03,FOODS_1_019,0,7.490415
2016-05-04,FOODS_1_019,0,9.778108
2016-05-05,FOODS_1_019,6,8.070222
2016-05-06,FOODS_1_019,5,7.5160527
2016-05-07,FOODS_1_019,9,8.395244
2016-05-08,FOODS_1_019,1,7.0654116
2016-05-09,FOODS_1_019,12,5.874642
2016-05-10,FOODS_1_019,0,6.4110594
2016-05-11,FOODS_1_019,1,5.9706573
2016-05-12,FOODS_1_019,0,4.708795
2016-05-13,FOODS_1_019,21,5.670363
2016-05-14,FOODS_1_019,5,9.004327
2016-05-15,FOODS_1_019,16,7.6169887
2016-05-16,FOODS_1_019,6,6.555211
2016-05-17,FOODS_1_019,10,8.111405
2016-05-18,FOODS_1_019,9,8.025087
2016-05-19,FOODS_1_019,0,8.41443
2016-05-20,FOODS_1_019,18,7.6010222
2016-05-21,FOODS_1_019,11,10.990592
2016-05-22,FOODS_1_019,12,11.005056
2016-04-25,FOODS_1_021,0,1.4319781
2016-04-26,FOODS_1_021,0,1.4224904
2016-04-27,FOODS_1_021,0,1.3710899
2016-04-28,FOODS_1_021,2,1.406797
2016-04-29,FOODS_1_021,1,1.6370354
2016-04-30,FOODS_1_021,1,1.6258096
2016-05-01,FOODS_1_021,2,1.4037733
2016-05-02,FOODS_1_021,3,1.1040058
2016-05-03,FOODS_1_021,3,1.1973873
2016-05-04,FOODS_1_021,0,1.2949625
2016-05-05,FOODS_1_021,0,1.2415065
2016-05-06,FOODS_1_021,0,1.4805849
2016-05-07,FOODS_1_021,0,1.713779
2016-05-08,FOODS_1_021,0,1.4430882
2016-05-09,FOODS_1_021,0,1.1171081
2016-05-10,FOODS_1_021,0,0.8387328
2016-05-11,FOODS_1_021,0,0.25340655
2016-05-12,FOODS_1_021,1,0.38041812
2016-05-13,FOODS_1_021,0,0.8562211
2016-05-14,FOODS_1_021,0,0.9318767
2016-05-15,FOODS_1_021,0,0.95656127
2016-05-16,FOODS_1_021,0,0.75569814
2016-05-17,FOODS_1_021,0,0.7316019
2016-05-18,FOODS_1_021,0,0.7014257
2016-05-19,FOODS_1_021,0,0.6810329
2016-05-20,FOODS_1_021,0,0.36190394
2016-05-21,FOODS_1_021,0,0.3781242
2016-05-22,FOODS_1_021,0,0.3764756
2016-04-25,FOODS_1_032,0,1.7217612
2016-04-26,FOODS_1_032,1,1.5744175
2016-04-27,FOODS_1_032,2,1.5383817
2016-04-28,FOODS_1_032,4,1.6017987
2016-04-29,FOODS_1_032,11,1.9314052
2016-04-30,FOODS_1_032,8,2.6680818
2016-05-01,FOODS_1_032,2,3.6004362
2016-05-02,FOODS_1_032,3,2.7641656
2016-05-03,FOODS_1_032,2,2.7535057
2016-05-04,FOODS_1_032,7,3.0202687
2016-05-05,FOODS_1_032,0,3.5284197
2016-05-06,FOODS_1_032,2,3.7482493
2016-05-07,FOODS_1_032,5,3.3506086
2016-05-08,FOODS_1_032,3,2.9310231
2016-05-09,FOODS_1_032,2,2.6583762
2016-05-10,FOODS_1_032,3,2.507342
2016-05-11,FOODS_1_032,2,2.4918144
2016-05-12,FOODS_1_032,2,2.5306416
2016-05-13,FOODS_1_032,3,3.0374923
2016-05-14,FOODS_1_032,10,3.7807794
2016-05-15,FOODS_1_032,4,3.7920175
2016-05-16,FOODS_1_032,5,3.0598395
2016-05-17,FOODS_1_032,2,3.2436032
2016-05-18,FOODS_1_032,0,3.3269544
2016-05-19,FOODS_1_032,0,2.8516266
2016-05-20,FOODS_1_032,3,2.9976041
2016-05-21,FOODS_1_032,21,3.8418412
2016-05-22,FOODS_1_032,5,4.337562
2016-04-25,FOODS_1_036,3,2.575195
2016-04-26,FOODS_1_036,2,2.5131888
2016-04-27,FOODS_1_036,1,2.3130014
2016-04-28,FOODS_1_036,3,2.1682062
2016-04-29,FOODS_1_036,3,2.429551
2016-04-30,FOODS_1_036,3,3.0577717
2016-05-01,FOODS_1_036,3,2.8995345
2016-05-02,FOODS_1_036,4,2.4262478
2016-05-03,FOODS_1_036,3,2.4473457
2016-05-04,FOODS_1_036,1,2.4445622
2016-05-05,FOODS_1_036,0,2.3816476
2016-05-06,FOODS_1_036,0,2.5853326
2016-05-07,FOODS_1_036,2,2.7924798
2016-05-08,FOODS_1_036,0,2.4862747
2016-05-09,FOODS_1_036,1,2.1062317
2016-05-10,FOODS_1_036,1,1.6909835
2016-05-11,FOODS_1_036,4,1.4185718
2016-05-12,FOODS_1_036,0,1.6955858
2016-05-13,FOODS_1_036,4,1.8489647
2016-05-14,FOODS_1_036,5,2.564573
2016-05-15,FOODS_1_036,5,2.6209676
2016-05-16,FOODS_1_036,2,2.3062713
2016-05-17,FOODS_1_036,2,2.335808
2016-05-18,FOODS_1_036,3,2.261996
2016-05-19,FOODS_1_036,1,2.3547144
2016-05-20,FOODS_1_036,2,2.4961133
2016-05-21,FOODS_1_036,3,3.0323758
2016-05-22,FOODS_1_036,1,2.7005749
2016-04-25,FOODS_1_040,5,2.7195296
2016-04-26,FOODS_1_040,0,2.8216367
2016-04-27,FOODS_1_040,1,2.5496545
2016-04-28,FOODS_1_040,2,2.4811022
2016-04-29,FOODS_1_040,1,2.4922128
2016-04-30,FOODS_1_040,3,2.606361
2016-05-01,FOODS_1_040,1,2.7914195
2016-05-02,FOODS_1_040,4,2.406426
2016-05-03,FOODS_1_040,3,2.4450905
2016-05-04,FOODS_1_040,1,2.139287
2016-05-05,FOODS_1_040,0,2.083611
2016-05-06,FOODS_1_040,0,2.2655535
2016-05-07,FOODS_1_040,0,2.6323848
2016-05-08,FOODS_1_040,1,2.028015
2016-05-09,FOODS_1_040,0,1.7414922
2016-05-10,FOODS_1_040,0,1.3938093
2016-05-11,FOODS_1_040,0,0.9132381
2016-05-12,FOODS_1_040,0,0.8577194
2016-05-13,FOODS_1_040,0,0.85824746
2016-05-14,FOODS_1_040,2,1.1504853
2016-05-15,FOODS_1_040,5,1.5063837
2016-05-16,FOODS_1_040,0,1.6658825
2016-05-17,FOODS_1_040,4,1.6279796
2016-05-18,FOODS_1_040,4,1.628188
2016-05-19,FOODS_1_040,7,1.6411184
2016-05-20,FOODS_1_040,0,2.4297285
2016-05-21,FOODS_1_040,1,2.6624022
2016-05-22,FOODS_1_040,0,2.3392227
2016-04-25,FOODS_1_042,1,3.0558386
2016-04-26,FOODS_1_042,0,2.672004
2016-04-27,FOODS_1_042,1,2.8070881
2016-04-28,FOODS_1_042,6,2.4667819
2016-04-29,FOODS_1_042,0,3.16008
2016-04-30,FOODS_1_042,8,3.5353034
2016-05-01,FOODS_1_042,9,4.1182203
2016-05-02,FOODS_1_042,8,3.3503866
2016-05-03,FOODS_1_042,4,3.673851
2016-05-04,FOODS_1_042,3,3.7188914
2016-05-05,FOODS_1_042,1,4.0227118
2016-05-06,FOODS_1_042,8,4.236443
2016-05-07,FOODS_1_042,4,6.0091324
2016-05-08,FOODS_1_042,0,4.7345023
2016-05-09,FOODS_1_042,0,3.6296744
2016-05-10,FOODS_1_042,0,3.1677125
2016-05-11,FOODS_1_042,0,2.6031327
2016-05-12,FOODS_1_042,0,2.7456448
2016-05-13,FOODS_1_042,3,2.4836423
2016-05-14,FOODS_1_042,2,2.7131953
2016-05-15,FOODS_1_042,6,3.0250814
2016-05-16,FOODS_1_042,3,2.9524114
2016-05-17,FOODS_1_042,0,2.833396
2016-05-18,FOODS_1_042,4,2.7744782
2016-05-19,FOODS_1_042,3,3.1472528
2016-05-20,FOODS_1_042,4,3.5569704
2016-05-21,FOODS_1_042,5,4.3816257
2016-05-22,FOODS_1_042,3,4.0074525
2016-04-25,FOODS_1_043,0,0.029033551
2016-04-26,FOODS_1_043,5,0.022542175
2016-04-27,FOODS_1_043,10,1.2339915
2016-04-28,FOODS_1_043,4,2.7260065
2016-04-29,FOODS_1_043,19,3.1817288
2016-04-30,FOODS_1_043,8,9.329934
2016-05-01,FOODS_1_043,10,9.916415
2016-05-02,FOODS_1_043,6,9.219977
2016-05-03,FOODS_1_043,13,7.0067573
2016-05-04,FOODS_1_043,4,8.341267
2016-05-05,FOODS_1_043,14,7.525303
2016-05-06,FOODS_1_043,12,9.135997
2016-05-07,FOODS_1_043,15,10.077407
2016-05-08,FOODS_1_043,3,9.826438
2016-05-09,FOODS_1_043,7,7.876598
2016-05-10,FOODS_1_043,10,7.2653375
2016-05-11,FOODS_1_043,5,7.1304984
2016-05-12,FOODS_1_043,9,6.8724947
2016-05-13,FOODS_1_043,11,7.80215
2016-05-14,FOODS_1_043,9,9.013575
2016-05-15,FOODS_1_043,11,8.085217
2016-05-16,FOODS_1_043,9,7.119563
2016-05-17,FOODS_1_043,3,7.734334
2016-05-18,FOODS_1_043,1,6.5234914
2016-05-19,FOODS_1_043,4,6.592964
2016-05-20,FOODS_1_043,5,6.9643273
2016-05-21,FOODS_1_043,8,7.5922613
2016-05-22,FOODS_1_043,5,7.0390725
2016-04-25,FOODS_1_044,2,0.9760316
2016-04-26,FOODS_1_044,1,0.91675335
2016-04-27,FOODS_1_044,1,0.87347096
2016-04-28,FOODS_1_044,3,0.93841946
2016-04-29,FOODS_1_044,1,1.1809194
2016-04-30,FOODS_1_044,2,1.3883101
2016-05-01,FOODS_1_044,5,1.6396337
2016-05-02,FOODS_1_044,5,1.4865073
2016-05-03,FOODS_1_044,6,1.6363176
2016-05-04,FOODS_1_044,1,2.1337707
2016-05-05,FOODS_1_044,2,1.9964741
2016-05-06,FOODS_1_044,3,2.3596785
2016-05-07,FOODS_1_044,3,2.9514105
2016-05-08,FOODS_1_044,4,3.0946753
2016-05-09,FOODS_1_044,1,2.4646592
2016-05-10,FOODS_1_044,4,2.0780199
2016-05-11,FOODS_1_044,0,1.9345658
2016-05-12,FOODS_1_044,4,1.9215485
2016-05-13,FOODS_1_044,4,2.2743502
2016-05-14,FOODS_1_044,2,2.8533006
2016-05-15,FOODS_1_044,1,3.1171904
2016-05-16,FOODS_1_044,0,2.0392964
2016-05-17,FOODS_1_044,1,1.9533404
2016-05-18,FOODS_1_044,0,1.6591927
2016-05-19,FOODS_1_044,0,1.6868247
2016-05-20,FOODS_1_044,0,1.792358
2016-05-21,FOODS_1_044,1,1.6251304
2016-05-22,FOODS_1_044,2,1.6829996
2016-04-25,FOODS_1_045,2,3.540661
2016-04-26,FOODS_1_045,0,3.360171
2016-04-27,FOODS_1_045,1,2.6383846
2016-04-28,FOODS_1_045,0,2.3111677
2016-04-29,FOODS_1_045,0,1.5393655
2016-04-30,FOODS_1_045,2,1.536463
2016-05-01,FOODS_1_045,6,1.6251289
2016-05-02,FOODS_1_045,3,1.4743714
2016-05-03,FOODS_1_045,4,1.6344047
2016-05-04,FOODS_1_045,3,1.7717253
2016-05-05,FOODS_1_045,3,2.015878
2016-05-06,FOODS_1_045,1,2.648216
2016-05-07,FOODS_1_045,1,3.1008456
2016-05-08,FOODS_1_045,0,2.9511895
2016-05-09,FOODS_1_045,0,2.1051052
2016-05-10,FOODS_1_045,1,1.8264798
2016-05-11,FOODS_1_045,6,1.6250923
2016-05-12,FOODS_1_045,1,1.7197558
2016-05-13,FOODS_1_045,5,1.8633653
2016-05-14,FOODS_1_045,1,2.5236967
2016-05-15,FOODS_1_045,1,2.7952685
2016-05-16,FOODS_1_045,4,2.2245152
2016-05-17,FOODS_1_045,6,2.446178
2016-05-18,FOODS_1_045,3,2.455116
2016-05-19,FOODS_1_045,8,2.666372
2016-05-20,FOODS_1_045,1,3.117017
2016-05-21,FOODS_1_045,1,2.980223
2016-05-22,FOODS_1_045,0,3.0194554
2016-04-25,FOODS_1_046,5,8.168205
2016-04-26,FOODS_1_046,7,7.376793
2016-04-27,FOODS_1_046,4,6.295808
2016-04-28,FOODS_1_046,7,6.7673135
2016-04-29,FOODS_1_046,13,7.6012626
2016-04-30,FOODS_1_046,8,9.671763
2016-05-01,FOODS_1_046,6,9.297717
2016-05-02,FOODS_1_046,5,7.507723
2016-05-03,FOODS_1_046,1,6.844189
2016-05-04,FOODS_1_046,11,6.0874214
2016-05-05,FOODS_1_046,3,6.4383903
2016-05-06,FOODS_1_046,9,7.141089
2016-05-07,FOODS_1_046,18,8.888787
2016-05-08,FOODS_1_046,9,8.463815
2016-05-09,FOODS_1_046,4,7.268431
2016-05-10,FOODS_1_046,3,6.665486
2016-05-11,FOODS_1_046,6,5.9962907
2016-05-12,FOODS_1_046,4,6.0573783
2016-05-13,FOODS_1_046,2,7.249495
2016-05-14,FOODS_1_046,5,8.032529
2016-05-15,FOODS_1_046,7,6.788244
2016-05-16,FOODS_1_046,5,5.199522
2016-05-17,FOODS_1_046,12,4.9864144
2016-05-18,FOODS_1_046,10,5.5411234
2016-05-19,FOODS_1_046,10,5.8623047
2016-05-20,FOODS_1_046,13,7.132204
2016-05-21,FOODS_1_046,7,10.261576
2016-05-22,FOODS_1_046,5,9.963892
2016-04-25,FOODS_1_054,2,1.9420755
2016-04-26,FOODS_1_054,3,1.8503691
2016-04-27,FOODS_1_054,4,1.8787761
2016-04-28,FOODS_1_054,0,2.0676053
2016-04-29,FOODS_1_054,0,2.2310026
2016-04-30,FOODS_1_054,2,2.190786
2016-05-01,FOODS_1_054,5,2.539096
2016-05-02,FOODS_1_054,0,2.3076265
2016-05-03,FOODS_1_054,3,1.7454821
2016-05-04,FOODS_1_054,3,1.8546683
2016-05-05,FOODS_1_054,6,1.6695832
2016-05-06,FOODS_1_054,2,2.49718
2016-05-07,FOODS_1_054,11,3.002783
2016-05-08,FOODS_1_054,2,3.2351549
2016-05-09,FOODS_1_054,0,2.8257067
2016-05-10,FOODS_1_054,1,2.5160341
2016-05-11,FOODS_1_054,2,2.1056082
2016-05-12,FOODS_1_054,2,2.0792556
2016-05-13,FOODS_1_054,3,2.1230576
2016-05-14,FOODS_1_054,1,2.7077656
2016-05-15,FOODS_1_054,3,2.6757386
2016-05-16,FOODS_1_054,2,2.143739
2016-05-17,FOODS_1_054,10,1.9940629
2016-05-18,FOODS_1_054,3,2.3204713
2016-05-19,FOODS_1_054,2,2.4101205
2016-05-20,FOODS_1_054,1,2.6195407
2016-05-21,FOODS_1_054,8,3.2281187
2016-05-22,FOODS_1_054,2,3.5513606
2016-04-25,FOODS_1_055,0,2.585378
2016-04-26,FOODS_1_055,3,2.1074774
2016-04-27,FOODS_1_055,0,2.0514896
2016-04-28,FOODS_1_055,0,1.6572464
2016-04-29,FOODS_1_055,0,1.5622663
2016-04-30,FOODS_1_055,0,1.8756953
2016-05-01,FOODS_1_055,8,1.99811
2016-05-02,FOODS_1_055,1,1.8462173
2016-05-03,FOODS_1_055,4,1.6019045
2016-05-04,FOODS_1_055,3,2.0651984
2016-05-05,FOODS_1_055,3,2.018073
2016-05-06,FOODS_1_055,28,2.5096707
2016-05-07,FOODS_1_055,1,6.701368
2016-05-08,FOODS_1_055,0,4.4206324
2016-05-09,FOODS_1_055,0,3.249051
2016-05-10,FOODS_1_055,11,2.2950544
2016-05-11,FOODS_1_055,1,3.463168
2016-05-12,FOODS_1_055,0,3.091435
2016-05-13,FOODS_1_055,2,2.8181803
2016-05-14,FOODS_1_055,2,3.0519798
2016-05-15,FOODS_1_055,0,3.9033387
2016-05-16,FOODS_1_055,19,3.0446827
2016-05-17,FOODS_1_055,0,2.64007
2016-05-18,FOODS_1_055,3,3.011858
2016-05-19,FOODS_1_055,3,3.6498506
2016-05-20,FOODS_1_055,2,3.766326
2016-05-21,FOODS_1_055,2,3.6505582
2016-05-22,FOODS_1_055,12,5.3447633
2016-04-25,FOODS_1_058,0,0.029033551
2016-04-26,FOODS_1_058,0,0.022542175
2016-04-27,FOODS_1_058,0,0.022542175
2016-04-28,FOODS_1_058,0,0.023185384
2016-04-29,FOODS_1_058,2,0.03297162
2016-04-30,FOODS_1_058,0,0.37610453
2016-05-01,FOODS_1_058,2,0.39186364
2016-05-02,FOODS_1_058,2,0.46729654
2016-05-03,FOODS_1_058,5,0.56512845
2016-05-04,FOODS_1_058,0,1.2101915
2016-05-05,FOODS_1_058,9,1.123116
2016-05-06,FOODS_1_058,5,2.1845973
2016-05-07,FOODS_1_058,4,3.372494
2016-05-08,FOODS_1_058,4,3.778869
2016-05-09,FOODS_1_058,1,3.4661481
2016-05-10,FOODS_1_058,2,3.0397592
2016-05-11,FOODS_1_058,2,2.6231096
2016-05-12,FOODS_1_058,3,2.8690257
2016-05-13,FOODS_1_058,5,2.1477604
2016-05-14,FOODS_1_058,4,2.5850723
2016-05-15,FOODS_1_058,4,2.6859214
2016-05-16,FOODS_1_058,1,2.135122
2016-05-17,FOODS_1_058,2,2.1385164
2016-05-18,FOODS_1_058,2,2.0654347
2016-05-19,FOODS_1_058,3,2.1714709
2016-05-20,FOODS_1_058,3,2.5726333
2016-05-21,FOODS_1_058,9,2.9586294
2016-05-22,FOODS_1_058,0,3.27616
2016-04-25,FOODS_1_067,5,2.0685148
2016-04-26,FOODS_1_067,10,1.8796196
2016-04-27,FOODS_1_067,5,2.0545354
2016-04-28,FOODS_1_067,3,2.026743
2016-04-29,FOODS_1_067,3,2.4614098
2016-04-30,FOODS_1_067,11,3.5512717
2016-05-01,FOODS_1_067,3,4.7255716
2016-05-02,FOODS_1_067,1,4.469085
2016-05-03,FOODS_1_067,1,3.3528593
2016-05-04,FOODS_1_067,2,2.9036446
2016-05-05,FOODS_1_067,2,2.5941064
2016-05-06,FOODS_1_067,2,2.639471
2016-05-07,FOODS_1_067,0,3.232455
2016-05-08,FOODS_1_067,0,2.6232822
2016-05-09,FOODS_1_067,0,2.1563714
2016-05-10,FOODS_1_067,0,1.8656065
2016-05-11,FOODS_1_067,0,1.5110924
2016-05-12,FOODS_1_067,0,1.1738162
2016-05-13,FOODS_1_067,15,0.8185752
2016-05-14,FOODS_1_067,2,3.2710068
2016-05-15,FOODS_1_067,4,3.361907
2016-05-16,FOODS_1_067,4,2.899423
2016-05-17,FOODS_1_067,3,2.767822
2016-05-18,FOODS_1_067,3,2.8161657
2016-05-19,FOODS_1_067,5,2.9713693
2016-05-20,FOODS_1_067,7,3.6478875
2016-05-21,FOODS_1_067,1,4.173955
2016-05-22,FOODS_1_067,3,4.086241
2016-04-25,FOODS_1_082,10,7.0064354
2016-04-26,FOODS_1_082,6,7.2744718
2016-04-27,FOODS_1_082,9,7.2250004
2016-04-28,FOODS_1_082,5,7.2094502
2016-04-29,FOODS_1_082,9,7.5573673
2016-04-30,FOODS_1_082,10,8.528446
2016-05-01,FOODS_1_082,6,9.04406
2016-05-02,FOODS_1_082,4,7.4991035
2016-05-03,FOODS_1_082,3,6.6590943
2016-05-04,FOODS_1_082,6,6.7408757
2016-05-05,FOODS_1_082,4,6.253208
2016-05-06,FOODS_1_082,5,7.1057124
2016-05-07,FOODS_1_082,17,8.000819
2016-05-08,FOODS_1_082,12,7.641968
2016-05-09,FOODS_1_082,8,6.536115
2016-05-10,FOODS_1_082,12,6.9377327
2016-05-11,FOODS_1_082,9,7.2594175
2016-05-12,FOODS_1_082,4,7.3413696
2016-05-13,FOODS_1_082,10,8.487323
2016-05-14,FOODS_1_082,16,11.895481
2016-05-15,FOODS_1_082,11,10.573667
2016-05-16,FOODS_1_082,4,8.286077
2016-05-17,FOODS_1_082,7,7.5396237
2016-05-18,FOODS_1_082,9,7.372628
2016-05-19,FOODS_1_082,1,7.264347
2016-05-20,FOODS_1_082,6,7.9719005
2016-05-21,FOODS_1_082,11,9.594321
2016-05-22,FOODS_1_082,7,8.562233
2016-04-25,FOODS_1_085,10,7.6805882
2016-04-26,FOODS_1_085,4,8.366194
2016-04-27,FOODS_1_085,14,8.045854
2016-04-28,FOODS_1_085,14,9.597539
2016-04-29,FOODS_1_085,6,9.706395
2016-04-30,FOODS_1_085,18,10.251605
2016-05-01,FOODS_1_085,7,11.151696
2016-05-02,FOODS_1_085,0,8.558466
2016-05-03,FOODS_1_085,11,7.6189055
2016-05-04,FOODS_1_085,2,8.042063
2016-05-05,FOODS_1_085,7,7.0397515
2016-05-06,FOODS_1_085,9,8.925705
2016-05-07,FOODS_1_085,0,9.49184
2016-05-08,FOODS_1_085,4,7.206157
2016-05-09,FOODS_1_085,7,6.795424
2016-05-10,FOODS_1_085,1,6.377637
2016-05-11,FOODS_1_085,1,4.9544396
2016-05-12,FOODS_1_085,4,5.230523
2016-05-13,FOODS_1_085,9,5.312897
2016-05-14,FOODS_1_085,10,8.061102
2016-05-15,FOODS_1_085,2,6.9470577
2016-05-16,FOODS_1_085,5,5.238546
2016-05-17,FOODS_1_085,6,5.128714
2016-05-18,FOODS_1_085,15,5.3734717
2016-05-19,FOODS_1_085,6,7.018807
2016-05-20,FOODS_1_085,4,7.95663
2016-05-21,FOODS_1_085,6,7.503514
2016-05-22,FOODS_1_085,2,7.5296597
2016-04-25,FOODS_1_086,2,6.030848
2016-04-26,FOODS_1_086,0,5.0174336
2016-04-27,FOODS_1_086,0,4.282544
2016-04-28,FOODS_1_086,6,3.5308018
2016-04-29,FOODS_1_086,9,4.3475437
2016-04-30,FOODS_1_086,16,5.2381577
2016-05-01,FOODS_1_086,2,6.0097327
2016-05-02,FOODS_1_086,11,5.626238
2016-05-03,FOODS_1_086,4,5.655907
2016-05-04,FOODS_1_086,0,5.742957
2016-05-05,FOODS_1_086,7,5.7986274
2016-05-06,FOODS_1_086,5,6.242957
2016-05-07,FOODS_1_086,0,6.418918
2016-05-08,FOODS_1_086,0,4.801667
2016-05-09,FOODS_1_086,0,3.8486571
2016-05-10,FOODS_1_086,0,3.0394597
2016-05-11,FOODS_1_086,0,2.7732916
2016-05-12,FOODS_1_086,0,2.1481612
2016-05-13,FOODS_1_086,9,1.4261028
2016-05-14,FOODS_1_086,3,3.5493832
2016-05-15,FOODS_1_086,0,3.3804452
2016-05-16,FOODS_1_086,9,3.4978628
2016-05-17,FOODS_1_086,9,3.760831
2016-05-18,FOODS_1_086,13,4.3892717
2016-05-19,FOODS_1_086,0,5.5448728
2016-05-20,FOODS_1_086,8,5.153732
2016-05-21,FOODS_1_086,7,5.54068
2016-05-22,FOODS_1_086,1,7.3738685
2016-04-25,FOODS_1_087,3,2.7638993
2016-04-26,FOODS_1_087,2,2.8035507
2016-04-27,FOODS_1_087,4,2.6126788
2016-04-28,FOODS_1_087,2,2.6195333
2016-04-29,FOODS_1_087,7,3.0017645
2016-04-30,FOODS_1_087,0,4.0458393
2016-05-01,FOODS_1_087,4,3.588939
2016-05-02,FOODS_1_087,6,3.2776427
2016-05-03,FOODS_1_087,3,3.2792952
2016-05-04,FOODS_1_087,3,3.5071728
2016-05-05,FOODS_1_087,4,2.9428973
2016-05-06,FOODS_1_087,2,3.675964
2016-05-07,FOODS_1_087,0,4.4478846
2016-05-08,FOODS_1_087,2,3.3525424
2016-05-09,FOODS_1_087,2,2.8943455
2016-05-10,FOODS_1_087,3,2.491316
2016-05-11,FOODS_1_087,0,2.551986
2016-05-12,FOODS_1_087,0,2.2107768
2016-05-13,FOODS_1_087,3,2.3291137
2016-05-14,FOODS_1_087,3,2.4862885
2016-05-15,FOODS_1_087,6,2.8547626
2016-05-16,FOODS_1_087,0,2.5301197
2016-05-17,FOODS_1_087,1,2.3313189
2016-05-18,FOODS_1_087,1,2.1105843
2016-05-19,FOODS_1_087,7,2.1246362
2016-05-20,FOODS_1_087,5,2.487628
2016-05-21,FOODS_1_087,0,3.4852364
2016-05-22,FOODS_1_087,2,2.814543
2016-04-25,FOODS_1_099,6,8.874764
2016-04-26,FOODS_1_099,8,7.43539
2016-04-27,FOODS_1_099,5,7.436137
2016-04-28,FOODS_1_099,7,7.553621
2016-04-29,FOODS_1_099,9,8.2679205
2016-04-30,FOODS_1_099,13,9.994847
2016-05-01,FOODS_1_099,12,10.644847
2016-05-02,FOODS_1_099,1,8.001279
2016-05-03,FOODS_1_099,6,7.2203355
2016-05-04,FOODS_1_099,1,6.9152093
2016-05-05,FOODS_1_099,4,6.9511237
2016-05-06,FOODS_1_099,7,7.415803
2016-05-07,FOODS_1_099,16,9.247704
2016-05-08,FOODS_1_099,9,7.9475245
2016-05-09,FOODS_1_099,12,6.2957845
2016-05-10,FOODS_1_099,9,7.0262775
2016-05-11,FOODS_1_099,4,6.2987714
2016-05-12,FOODS_1_099,9,6.8393836
2016-05-13,FOODS_1_099,12,8.445537
2016-05-14,FOODS_1_099,10,11.013487
2016-05-15,FOODS_1_099,15,10.860385
2016-05-16,FOODS_1_099,6,8.926265
2016-05-17,FOODS_1_099,16,7.784072
2016-05-18,FOODS_1_099,1,8.1061125
2016-05-19,FOODS_1_099,2,7.5268416
2016-05-20,FOODS_1_099,3,7.864285
2016-05-21,FOODS_1_099,3,9.733656
2016-05-22,FOODS_1_099,2,8.232111
2016-04-25,FOODS_1_104,1,1.4029944
2016-04-26,FOODS_1_104,1,1.2823595
2016-04-27,FOODS_1_104,2,1.3498888
2016-04-28,FOODS_1_104,0,1.3857496
2016-04-29,FOODS_1_104,0,1.5687777
2016-04-30,FOODS_1_104,3,1.7691478
2016-05-01,FOODS_1_104,1,1.9780573
2016-05-02,FOODS_1_104,1,1.5948206
2016-05-03,FOODS_1_104,0,1.512512
2016-05-04,FOODS_1_104,1,1.4689308
2016-05-05,FOODS_1_104,1,1.4161116
2016-05-06,FOODS_1_104,0,1.5687888
2016-05-07,FOODS_1_104,0,1.9153711
2016-05-08,FOODS_1_104,1,1.5457551
2016-05-09,FOODS_1_104,1,1.3201501
2016-05-10,FOODS_1_104,4,1.2111368
2016-05-11,FOODS_1_104,1,1.4112599
2016-05-12,FOODS_1_104,0,1.205403
2016-05-13,FOODS_1_104,0,1.2432711
2016-05-14,FOODS_1_104,1,1.1583544
2016-05-15,FOODS_1_104,7,1.1629444
2016-05-16,FOODS_1_104,1,1.1744173
2016-05-17,FOODS_1_104,1,1.0096276
2016-05-18,FOODS_1_104,7,0.954806
2016-05-19,FOODS_1_104,7,1.3971055
2016-05-20,FOODS_1_104,0,2.0782187
2016-05-21,FOODS_1_104,0,2.3814876
2016-05-22,FOODS_1_104,0,2.3077238
2016-04-25,FOODS_1_110,0,0.029033551
2016-04-26,FOODS_1_110,4,0.022542175
2016-04-27,FOODS_1_110,11,0.8026448
2016-04-28,FOODS_1_110,8,2.8873286
2016-04-29,FOODS_1_110,11,3.5173705
2016-04-30,FOODS_1_110,10,7.2624035
2016-05-01,FOODS_1_110,12,8.617374
2016-05-02,FOODS_1_110,5,8.774955
2016-05-03,FOODS_1_110,8,7.338782
2016-05-04,FOODS_1_110,6,7.9340196
2016-05-05,FOODS_1_110,5,6.86559
2016-05-06,FOODS_1_110,10,7.100372
2016-05-07,FOODS_1_110,11,8.518456
2016-05-08,FOODS_1_110,0,7.8557215
2016-05-09,FOODS_1_110,5,4.97021
2016-05-10,FOODS_1_110,5,4.794473
2016-05-11,FOODS_1_110,5,4.5613885
2016-05-12,FOODS_1_110,3,4.3022146
2016-05-13,FOODS_1_110,4,4.959028
2016-05-14,FOODS_1_110,4,5.4102287
2016-05-15,FOODS_1_110,1,4.839155
2016-05-16,FOODS_1_110,1,3.8815248
2016-05-17,FOODS_1_110,9,3.5489151
2016-05-18,FOODS_1_110,9,3.871633
2016-05-19,FOODS_1_110,7,3.9386563
2016-05-20,FOODS_1_110,10,4.965394
2016-05-21,FOODS_1_110,7,6.50364
2016-05-22,FOODS_1_110,8,6.7722497
2016-04-25,FOODS_1_112,1,1.8475456
2016-04-26,FOODS_1_112,2,1.4909313
2016-04-27,FOODS_1_112,2,1.6654208
2016-04-28,FOODS_1_112,2,1.6041586
2016-04-29,FOODS_1_112,1,2.0306454
2016-04-30,FOODS_1_112,2,2.3779585
2016-05-01,FOODS_1_112,0,2.3549573
2016-05-02,FOODS_1_112,1,1.7434636
2016-05-03,FOODS_1_112,2,1.6467642
2016-05-04,FOODS_1_112,1,1.7163227
2016-05-05,FOODS_1_112,0,1.5789939
2016-05-06,FOODS_1_112,1,1.617719
2016-05-07,FOODS_1_112,0,2.2154121
2016-05-08,FOODS_1_112,0,1.7363515
2016-05-09,FOODS_1_112,1,1.322639
2016-05-10,FOODS_1_112,1,1.2729714
2016-05-11,FOODS_1_112,1,1.1779029
2016-05-12,FOODS_1_112,3,1.1479123
2016-05-13,FOODS_1_112,2,1.3118167
2016-05-14,FOODS_1_112,0,1.6668651
2016-05-15,FOODS_1_112,2,1.6110486
2016-05-16,FOODS_1_112,1,1.4300376
2016-05-17,FOODS_1_112,2,1.3164923
2016-05-18,FOODS_1_112,2,1.397714
2016-05-19,FOODS_1_112,1,1.3199428
2016-05-20,FOODS_1_112,0,1.4236455
2016-05-21,FOODS_1_112,2,1.6760547
2016-05-22,FOODS_1_112,10,1.5772644
2016-04-25,FOODS_1_113,9,0.23085833
2016-04-26,FOODS_1_113,6,0.9272617
2016-04-27,FOODS_1_113,3,1.3023546
2016-04-28,FOODS_1_113,7,1.8907064
2016-04-29,FOODS_1_113,8,3.2800152
2016-04-30,FOODS_1_113,5,5.9794774
2016-05-01,FOODS_1_113,1,7.2056136
2016-05-02,FOODS_1_113,2,4.5862937
2016-05-03,FOODS_1_113,2,3.3052216
2016-05-04,FOODS_1_113,1,2.8037367
2016-05-05,FOODS_1_113,0,2.389502
2016-05-06,FOODS_1_113,0,2.2676897
2016-05-07,FOODS_1_113,0,2.258765
2016-05-08,FOODS_1_113,0,1.6953406
2016-05-09,FOODS_1_113,9,1.4926784
2016-05-10,FOODS_1_113,0,1.6869671
2016-05-11,FOODS_1_113,2,1.4229108
2016-05-12,FOODS_1_113,6,1.8773057
2016-05-13,FOODS_1_113,13,2.5814593
2016-05-14,FOODS_1_113,7,4.0666795
2016-05-15,FOODS_1_113,0,5.0077534
2016-05-16,FOODS_1_113,3,3.5339296
2016-05-17,FOODS_1_113,2,3.1718607
2016-05-18,FOODS_1_113,1,3.0216367
2016-05-19,FOODS_1_113,1,2.9974704
2016-05-20,FOODS_1_113,2,3.1945093
2016-05-21,FOODS_1_113,1,3.6396205
2016-05-22,FOODS_1_113,0,3.1498938
2016-04-25,FOODS_1_120,0,0.029033551
2016-04-26,FOODS_1_120,3,0.022542175
2016-04-27,FOODS_1_120,0,0.52470475
2016-04-28,FOODS_1_120,1,0.525348
2016-04-29,FOODS_1_120,2,0.5700992
2016-04-30,FOODS_1_120,2,0.7151554
2016-05-01,FOODS_1_120,2,1.0825032
2016-05-02,FOODS_1_120,1,1.1683455
2016-05-03,FOODS_1_120,0,1.1187147
2016-05-04,FOODS_1_120,2,0.7754812
2016-05-05,FOODS_1_120,0,0.8371203
2016-05-06,FOODS_1_120,0,0.91736716
2016-05-07,FOODS_1_120,3,0.79349494
2016-05-08,FOODS_1_120,1,0.82508254
2016-05-09,FOODS_1_120,4,0.7199872
2016-05-10,FOODS_1_120,0,0.88028294
2016-05-11,FOODS_1_120,6,0.7789921
2016-05-12,FOODS_1_120,0,1.1219647
2016-05-13,FOODS_1_120,2,1.2392294
2016-05-14,FOODS_1_120,2,1.7509276
2016-05-15,FOODS_1_120,1,1.5786111
2016-05-16,FOODS_1_120,1,1.249183
2016-05-17,FOODS_1_120,2,1.0705053
2016-05-18,FOODS_1_120,0,1.1887336
2016-05-19,FOODS_1_120,3,1.130774
2016-05-20,FOODS_1_120,0,1.4367192
2016-05-21,FOODS_1_120,1,1.6661
2016-05-22,FOODS_1_120,1,1.599444
2016-04-25,FOODS_1_130,2,1.7838073
2016-04-26,FOODS_1_130,2,1.6572013
2016-04-27,FOODS_1_130,2,1.7200024
2016-04-28,FOODS_1_130,3,1.7372581
2016-04-29,FOODS_1_130,1,2.0109408
2016-04-30,FOODS_1_130,5,2.6717756
2016-05-01,FOODS_1_130,3,2.930416
2016-05-02,FOODS_1_130,5,2.474508
2016-05-03,FOODS_1_130,2,2.4052384
2016-05-04,FOODS_1_130,2,2.4403017
2016-05-05,FOODS_1_130,6,2.2873898
2016-05-06,FOODS_1_130,3,2.6875446
2016-05-07,FOODS_1_130,6,3.674143
2016-05-08,FOODS_1_130,1,3.9439898
2016-05-09,FOODS_1_130,2,2.7508743
2016-05-10,FOODS_1_130,0,2.4526956
2016-05-11,FOODS_1_130,0,2.0447755
2016-05-12,FOODS_1_130,0,2.120378
2016-05-13,FOODS_1_130,2,1.8743032
2016-05-14,FOODS_1_130,5,2.3875167
2016-05-15,FOODS_1_130,1,2.412088
2016-05-16,FOODS_1_130,2,2.0882444
2016-05-17,FOODS_1_130,1,1.7532947
2016-05-18,FOODS_1_130,3,1.8496504
2016-05-19,FOODS_1_130,2,1.933489
2016-05-20,FOODS_1_130,2,2.2404237
2016-05-21,FOODS_1_130,2,2.8325505
2016-05-22,FOODS_1_130,5,2.652566
2016-04-25,FOODS_1_137,4,2.669983
2016-04-26,FOODS_1_137,0,2.6545405
2016-04-27,FOODS_1_137,0,2.6545405
2016-04-28,FOODS_1_137,0,2.6551838
2016-04-29,FOODS_1_137,7,2.14131
2016-04-30,FOODS_1_137,6,2.6937325
2016-05-01,FOODS_1_137,4,2.1570482
2016-05-02,FOODS_1_137,1,1.9233767
2016-05-03,FOODS_1_137,2,1.6655167
2016-05-04,FOODS_1_137,4,1.9276589
2016-05-05,FOODS_1_137,0,2.0618463
2016-05-06,FOODS_1_137,0,2.5422597
2016-05-07,FOODS_1_137,0,2.6566498
2016-05-08,FOODS_1_137,0,1.8632224
2016-05-09,FOODS_1_137,0,1.5946739
2016-05-10,FOODS_1_137,0,1.3254439
2016-05-11,FOODS_1_137,0,0.83498704
2016-05-12,FOODS_1_137,0,0.3260206
2016-05-13,FOODS_1_137,12,0.49394366
2016-05-14,FOODS_1_137,3,2.2149727
2016-05-15,FOODS_1_137,9,2.2031958
2016-05-16,FOODS_1_137,0,2.3607228
2016-05-17,FOODS_1_137,1,2.2244837
2016-05-18,FOODS_1_137,0,2.3482664
2016-05-19,FOODS_1_137,0,2.533281
2016-05-20,FOODS_1_137,0,2.422591
2016-05-21,FOODS_1_137,0,2.4586651
2016-05-22,FOODS_1_137,0,1.6202329
2016-04-25,FOODS_1_139,1,4.4664283
2016-04-26,FOODS_1_139,3,4.036287
2016-04-27,FOODS_1_139,2,3.8269637
2016-04-28,FOODS_1_139,8,3.6972902
2016-04-29,FOODS_1_139,5,4.5501986
2016-04-30,FOODS_1_139,5,4.8296194
2016-05-01,FOODS_1_139,10,5.0413685
2016-05-02,FOODS_1_139,4,4.6249967
2016-05-03,FOODS_1_139,7,4.426991
2016-05-04,FOODS_1_139,0,4.9293466
2016-05-05,FOODS_1_139,8,4.600892
2016-05-06,FOODS_1_139,5,5.2448335
2016-05-07,FOODS_1_139,1,6.279669
2016-05-08,FOODS_1_139,0,4.683982
2016-05-09,FOODS_1_139,0,3.5159347
2016-05-10,FOODS_1_139,0,3.3651698
2016-05-11,FOODS_1_139,0,2.8480577
2016-05-12,FOODS_1_139,0,2.8680446
2016-05-13,FOODS_1_139,3,1.8183393
2016-05-14,FOODS_1_139,4,2.1506102
2016-05-15,FOODS_1_139,6,3.068339
2016-05-16,FOODS_1_139,1,3.0595348
2016-05-17,FOODS_1_139,3,3.2271926
2016-05-18,FOODS_1_139,0,3.0601685
2016-05-19,FOODS_1_139,5,3.3987167
2016-05-20,FOODS_1_139,6,3.9288402
2016-05-21,FOODS_1_139,4,4.3634286
2016-05-22,FOODS_1_139,10,4.227665
2016-04-25,FOODS_1_153,0,3.540176
2016-04-26,FOODS_1_153,2,2.5530276
2016-04-27,FOODS_1_153,0,2.555997
2016-04-28,FOODS_1_153,0,2.3634694
2016-04-29,FOODS_1_153,0,2.3951848
2016-04-30,FOODS_1_153,1,2.4691129
2016-05-01,FOODS_1_153,3,2.214347
2016-05-02,FOODS_1_153,4,2.2358475
2016-05-03,FOODS_1_153,7,2.4631698
2016-05-04,FOODS_1_153,2,2.6190493
2016-05-05,FOODS_1_153,8,2.7984266
2016-05-06,FOODS_1_153,0,3.543933
2016-05-07,FOODS_1_153,0,3.4734294
2016-05-08,FOODS_1_153,0,3.1861744
2016-05-09,FOODS_1_153,0,2.1754534
2016-05-10,FOODS_1_153,5,1.7792903
2016-05-11,FOODS_1_153,4,1.6768968
2016-05-12,FOODS_1_153,3,1.9235435
2016-05-13,FOODS_1_153,1,2.107047
2016-05-14,FOODS_1_153,4,2.6468859
2016-05-15,FOODS_1_153,2,3.045624
2016-05-16,FOODS_1_153,6,2.951419
2016-05-17,FOODS_1_153,3,2.7194626
2016-05-18,FOODS_1_153,3,2.489679
2016-05-19,FOODS_1_153,6,2.4493752
2016-05-20,FOODS_1_153,3,2.8540854
2016-05-21,FOODS_1_153,0,3.6092126
2016-05-22,FOODS_1_153,0,3.3502066
2016-04-25,FOODS_1_154,3,2.593074
2016-04-26,FOODS_1_154,1,2.428315
2016-04-27,FOODS_1_154,9,2.345948
2016-04-28,FOODS_1_154,2,2.8039994
2016-04-29,FOODS_1_154,0,2.8371184
2016-04-30,FOODS_1_154,0,3.458996
2016-05-01,FOODS_1_154,0,3.1892169
2016-05-02,FOODS_1_154,2,2.63415
2016-05-03,FOODS_1_154,2,2.5381072
2016-05-04,FOODS_1_154,3,2.595168
2016-05-05,FOODS_1_154,2,2.1389716
2016-05-06,FOODS_1_154,0,2.4430323
2016-05-07,FOODS_1_154,3,2.6484585
2016-05-08,FOODS_1_154,6,2.52077
2016-05-09,FOODS_1_154,6,2.59636
2016-05-10,FOODS_1_154,6,2.6753023
2016-05-11,FOODS_1_154,4,2.868421
2016-05-12,FOODS_1_154,1,2.9602664
2016-05-13,FOODS_1_154,2,3.2026882
2016-05-14,FOODS_1_154,6,4.323725
2016-05-15,FOODS_1_154,0,4.1228294
2016-05-16,FOODS_1_154,5,2.8245387
2016-05-17,FOODS_1_154,2,2.6909547
2016-05-18,FOODS_1_154,0,2.3081338
2016-05-19,FOODS_1_154,0,2.103443
2016-05-20,FOODS_1_154,1,2.312609
2016-05-21,FOODS_1_154,0,2.7739632
2016-05-22,FOODS_1_154,0,2.356066
2016-04-25,FOODS_1_161,3,2.577861
2016-04-26,FOODS_1_161,1,2.5690603
2016-04-27,FOODS_1_161,0,2.4025636
2016-04-28,FOODS_1_161,1,2.449709
2016-04-29,FOODS_1_161,1,2.447121
2016-04-30,FOODS_1_161,1,3.015398
2016-05-01,FOODS_1_161,1,2.659862
2016-05-02,FOODS_1_161,0,1.966225
2016-05-03,FOODS_1_161,0,1.5935519
2016-05-04,FOODS_1_161,2,1.5025989
2016-05-05,FOODS_1_161,0,1.3399884
2016-05-06,FOODS_1_161,3,1.5320024
2016-05-07,FOODS_1_161,5,2.189204
2016-05-08,FOODS_1_161,4,1.9628365
2016-05-09,FOODS_1_161,1,2.0014694
2016-05-10,FOODS_1_161,1,1.6829886
2016-05-11,FOODS_1_161,0,1.5819904
2016-05-12,FOODS_1_161,5,1.6058575
2016-05-13,FOODS_1_161,1,2.02236
2016-05-14,FOODS_1_161,1,2.4011083
2016-05-15,FOODS_1_161,8,1.8651696
2016-05-16,FOODS_1_161,3,1.4794965
2016-05-17,FOODS_1_161,1,1.5746773
2016-05-18,FOODS_1_161,4,1.7417171
2016-05-19,FOODS_1_161,1,2.017735
2016-05-20,FOODS_1_161,2,2.1047516
2016-05-21,FOODS_1_161,0,2.767667
2016-05-22,FOODS_1_161,3,2.5535126
2016-04-25,FOODS_1_162,1,2.5048907
2016-04-26,FOODS_1_162,5,2.1529942
2016-04-27,FOODS_1_162,3,2.2293394
2016-04-28,FOODS_1_162,1,2.4280741
2016-04-29,FOODS_1_162,2,2.8030837
2016-04-30,FOODS_1_162,6,3.3738668
2016-05-01,FOODS_1_162,2,3.8818893
2016-05-02,FOODS_1_162,0,3.0610108
2016-05-03,FOODS_1_162,2,2.77708
2016-05-04,FOODS_1_162,5,2.6140933
2016-05-05,FOODS_1_162,4,2.5920386
2016-05-06,FOODS_1_162,7,3.5018973
2016-05-07,FOODS_1_162,5,4.1155844
2016-05-08,FOODS_1_162,2,3.843808
2016-05-09,FOODS_1_162,1,3.677632
2016-05-10,FOODS_1_162,3,3.3327544
2016-05-11,FOODS_1_162,2,2.995957
2016-05-12,FOODS_1_162,6,2.6928072
2016-05-13,FOODS_1_162,2,3.457255
2016-05-14,FOODS_1_162,3,4.0067496
2016-05-15,FOODS_1_162,3,3.6116197
2016-05-16,FOODS_1_162,2,2.6731842
2016-05-17,FOODS_1_162,1,2.5527852
2016-05-18,FOODS_1_162,4,2.5752416
2016-05-19,FOODS_1_162,2,2.6672306
2016-05-20,FOODS_1_162,3,2.9819407
2016-05-21,FOODS_1_162,4,3.1439054
2016-05-22,FOODS_1_162,1,3.3362536
2016-04-25,FOODS_1_163,0,0.33538973
2016-04-26,FOODS_1_163,2,0.31360638
2016-04-27,FOODS_1_163,0,0.675241
2016-04-28,FOODS_1_163,0,0.7045365
2016-04-29,FOODS_1_163,1,0.76507515
2016-04-30,FOODS_1_163,0,0.9783707
2016-05-01,FOODS_1_163,2,0.9931292
2016-05-02,FOODS_1_163,0,0.77405274
2016-05-03,FOODS_1_163,0,0.7467656
2016-05-04,FOODS_1_163,0,0.6926485
2016-05-05,FOODS_1_163,0,0.6599138
2016-05-06,FOODS_1_163,0,0.73022
2016-05-07,FOODS_1_163,1,0.85477024
2016-05-08,FOODS_1_163,0,0.6024541
2016-05-09,FOODS_1_163,1,0.46632782
2016-05-10,FOODS_1_163,1,0.56479824
2016-05-11,FOODS_1_163,0,0.56811666
2016-05-12,FOODS_1_163,0,0.58528125
2016-05-13,FOODS_1_163,0,0.65250456
2016-05-14,FOODS_1_163,0,0.7235808
2016-05-15,FOODS_1_163,0,0.645652
2016-05-16,FOODS_1_163,0,0.33719975
2016-05-17,FOODS_1_163,0,0.3016018
2016-05-18,FOODS_1_163,0,0.22038603
2016-05-19,FOODS_1_163,0,0.23755051
2016-05-20,FOODS_1_163,1,0.26384625
2016-05-21,FOODS_1_163,1,0.45690238
2016-05-22,FOODS_1_163,0,0.49080086
2016-04-25,FOODS_1_166,1,2.079595
2016-04-26,FOODS_1_166,1,1.8678486
2016-04-27,FOODS_1_166,0,1.8349121
2016-04-28,FOODS_1_166,4,1.8077422
2016-04-29,FOODS_1_166,1,1.9634327
2016-04-30,FOODS_1_166,5,2.4355555
2016-05-01,FOODS_1_166,3,2.687769
2016-05-02,FOODS_1_166,1,2.300746
2016-05-03,FOODS_1_166,2,2.1706817
2016-05-04,FOODS_1_166,1,2.165418
2016-05-05,FOODS_1_166,0,2.04985
2016-05-06,FOODS_1_166,3,1.9734731
2016-05-07,FOODS_1_166,2,2.6822374
2016-05-08,FOODS_1_166,2,2.3162951
2016-05-09,FOODS_1_166,1,2.0270855
2016-05-10,FOODS_1_166,5,1.7848029
2016-05-11,FOODS_1_166,1,1.7398058
2016-05-12,FOODS_1_166,1,1.7362965
2016-05-13,FOODS_1_166,1,1.9030774
2016-05-14,FOODS_1_166,4,2.2128065
2016-05-15,FOODS_1_166,1,2.305273
2016-05-16,FOODS_1_166,1,1.7713467
2016-05-17,FOODS_1_166,2,1.5849609
2016-05-18,FOODS_1_166,2,1.5854865
2016-05-19,FOODS_1_166,1,1.5459478
2016-05-20,FOODS_1_166,6,1.6987705
2016-05-21,FOODS_1_166,0,2.4890144
2016-05-22,FOODS_1_166,4,2.079709
2016-04-25,FOODS_1_170,1,2.6548562
2016-04-26,FOODS_1_170,7,2.587579
2016-04-27,FOODS_1_170,0,3.149257
2016-04-28,FOODS_1_170,3,2.5152593
2016-04-29,FOODS_1_170,6,2.310666
2016-04-30,FOODS_1_170,1,2.646354
2016-05-01,FOODS_1_170,6,2.1919508
2016-05-02,FOODS_1_170,5,2.1368756
2016-05-03,FOODS_1_170,1,2.8267925
2016-05-04,FOODS_1_170,0,2.1999352
2016-05-05,FOODS_1_170,0,2.0804782
2016-05-06,FOODS_1_170,0,2.2422974
2016-05-07,FOODS_1_170,1,2.2489374
2016-05-08,FOODS_1_170,0,1.9185379
2016-05-09,FOODS_1_170,6,1.3344252
2016-05-10,FOODS_1_170,6,1.7133137
2016-05-11,FOODS_1_170,5,1.7785276
2016-05-12,FOODS_1_170,2,2.096964
2016-05-13,FOODS_1_170,2,2.5699542
2016-05-14,FOODS_1_170,7,3.0668473
2016-05-15,FOODS_1_170,6,3.9216285
2016-05-16,FOODS_1_170,4,3.6562493
2016-05-17,FOODS_1_170,1,3.2194026
2016-05-18,FOODS_1_170,0,2.8979511
2016-05-19,FOODS_1_170,3,2.5984542
2016-05-20,FOODS_1_170,2,2.8709052
2016-05-21,FOODS_1_170,9,3.518345
2016-05-22,FOODS_1_170,0,3.581533
2016-04-25,FOODS_1_172,3,2.173278
2016-04-26,FOODS_1_172,0,1.9992146
2016-04-27,FOODS_1_172,2,1.8389477
2016-04-28,FOODS_1_172,2,1.828019
2016-04-29,FOODS_1_172,7,2.0060058
2016-04-30,FOODS_1_172,2,2.9641016
2016-05-01,FOODS_1_172,4,2.6911957
2016-05-02,FOODS_1_172,4,2.3859663
2016-05-03,FOODS_1_172,2,2.363914
2016-05-04,FOODS_1_172,2,2.4512768
2016-05-05,FOODS_1_172,1,2.254058
2016-05-06,FOODS_1_172,2,2.6334994
2016-05-07,FOODS_1_172,2,2.9840257
2016-05-08,FOODS_1_172,2,2.8489745
2016-05-09,FOODS_1_172,0,2.29838
2016-05-10,FOODS_1_172,1,1.9006218
2016-05-11,FOODS_1_172,2,1.6102803
2016-05-12,FOODS_1_172,2,1.6204997
2016-05-13,FOODS_1_172,1,1.8583833
2016-05-14,FOODS_1_172,4,2.2270586
2016-05-15,FOODS_1_172,1,2.3679547
2016-05-16,FOODS_1_172,2,1.9646261
2016-05-17,FOODS_1_172,2,1.8366311
2016-05-18,FOODS_1_172,1,1.8479491
2016-05-19,FOODS_1_172,1,1.7036862
2016-05-20,FOODS_1_172,0,1.8486786
2016-05-21,FOODS_1_172,0,2.2448347
2016-05-22,FOODS_1_172,2,1.9926547
2016-04-25,FOODS_1_173,2,2.510156
2016-04-26,FOODS_1_173,0,2.5844476
2016-04-27,FOODS_1_173,5,2.127752
2016-04-28,FOODS_1_173,2,2.4199622
2016-04-29,FOODS_1_173,6,2.8283002
2016-04-30,FOODS_1_173,7,3.9712837
2016-05-01,FOODS_1_173,2,4.4628286
2016-05-02,FOODS_1_173,0,2.9614754
2016-05-03,FOODS_1_173,3,2.8915315
2016-05-04,FOODS_1_173,5,2.9259531
2016-05-05,FOODS_1_173,1,2.8794696
2016-05-06,FOODS_1_173,7,3.1798258
2016-05-07,FOODS_1_173,16,4.7405977
2016-05-08,FOODS_1_173,9,4.0080686
2016-05-09,FOODS_1_173,2,4.547365
2016-05-10,FOODS_1_173,4,4.1540995
2016-05-11,FOODS_1_173,3,4.0378203
2016-05-12,FOODS_1_173,2,3.8712466
2016-05-13,FOODS_1_173,4,4.77517
2016-05-14,FOODS_1_173,3,5.5734415
2016-05-15,FOODS_1_173,5,4.7363844
2016-05-16,FOODS_1_173,1,3.0292907
2016-05-17,FOODS_1_173,2,2.9424262
2016-05-18,FOODS_1_173,1,2.898749
2016-05-19,FOODS_1_173,13,2.7037175
2016-05-20,FOODS_1_173,2,3.806359
2016-05-21,FOODS_1_173,3,4.890317
2016-05-22,FOODS_1_173,0,4.2972717
2016-04-25,FOODS_1_181,3,3.0997715
2016-04-26,FOODS_1_181,3,3.067937
2016-04-27,FOODS_1_181,2,2.863742
2016-04-28,FOODS_1_181,2,2.877778
2016-04-29,FOODS_1_181,2,3.214311
2016-04-30,FOODS_1_181,1,3.451799
2016-05-01,FOODS_1_181,4,3.3561497
2016-05-02,FOODS_1_181,3,3.2250662
2016-05-03,FOODS_1_181,1,2.9537363
2016-05-04,FOODS_1_181,3,2.837843
2016-05-05,FOODS_1_181,6,2.8270957
2016-05-06,FOODS_1_181,5,3.6084273
2016-05-07,FOODS_1_181,4,4.4377913
2016-05-08,FOODS_1_181,5,4.029255
2016-05-09,FOODS_1_181,1,3.823597
2016-05-10,FOODS_1_181,4,3.3328016
2016-05-11,FOODS_1_181,5,2.6714783
2016-05-12,FOODS_1_181,2,2.8340812
2016-05-13,FOODS_1_181,5,2.8925276
2016-05-14,FOODS_1_181,2,3.6371467
2016-05-15,FOODS_1_181,4,3.3949678
2016-05-16,FOODS_1_181,4,2.617845
2016-05-17,FOODS_1_181,0,2.7565002
2016-05-18,FOODS_1_181,2,2.4577837
2016-05-19,FOODS_1_181,5,2.4705284
2016-05-20,FOODS_1_181,2,2.9177573
2016-05-21,FOODS_1_181,8,3.5517528
2016-05-22,FOODS_1_181,6,3.755395
2016-04-25,FOODS_1_183,3,2.1481507
2016-04-26,FOODS_1_183,0,1.9801054
2016-04-27,FOODS_1_183,0,1.9185673
2016-04-28,FOODS_1_183,0,1.8218347
2016-04-29,FOODS_1_183,0,1.8936802
2016-04-30,FOODS_1_183,4,2.2020323
2016-05-01,FOODS_1_183,3,2.6752427
2016-05-02,FOODS_1_183,1,1.9254231
2016-05-03,FOODS_1_183,1,1.7798669
2016-05-04,FOODS_1_183,1,1.7500458
2016-05-05,FOODS_1_183,1,1.7279146
2016-05-06,FOODS_1_183,1,2.0896266
2016-05-07,FOODS_1_183,3,2.480842
2016-05-08,FOODS_1_183,5,2.442825
2016-05-09,FOODS_1_183,2,2.0274367
2016-05-10,FOODS_1_183,0,1.9621817
2016-05-11,FOODS_1_183,0,1.7568398
2016-05-12,FOODS_1_183,1,1.5903558
2016-05-13,FOODS_1_183,1,1.6058564
2016-05-14,FOODS_1_183,3,2.0874548
2016-05-15,FOODS_1_183,7,2.2010345
2016-05-16,FOODS_1_183,3,1.7661736
2016-05-17,FOODS_1_183,2,1.6106143
2016-05-18,FOODS_1_183,1,1.7195477
2016-05-19,FOODS_1_183,0,1.7016696
2016-05-20,FOODS_1_183,3,1.7908744
2016-05-21,FOODS_1_183,3,2.6357667
2016-05-22,FOODS_1_183,3,2.815771
2016-04-25,FOODS_1_184,2,1.9651589
2016-04-26,FOODS_1_184,1,2.0308115
2016-04-27,FOODS_1_184,1,2.0249174
2016-04-28,FOODS_1_184,2,1.8462853
2016-04-29,FOODS_1_184,0,2.116109
2016-04-30,FOODS_1_184,1,2.165774
2016-05-01,FOODS_1_184,3,2.2580233
2016-05-02,FOODS_1_184,0,1.8565826
2016-05-03,FOODS_1_184,1,1.7527785
2016-05-04,FOODS_1_184,0,1.800411
2016-05-05,FOODS_1_184,0,1.6519414
2016-05-06,FOODS_1_184,0,1.6099743
2016-05-07,FOODS_1_184,0,1.7826265
2016-05-08,FOODS_1_184,0,1.3402604
2016-05-09,FOODS_1_184,3,0.96107143
2016-05-10,FOODS_1_184,1,1.1463755
2016-05-11,FOODS_1_184,0,1.1924444
2016-05-12,FOODS_1_184,1,1.2303526
2016-05-13,FOODS_1_184,1,1.3550867
2016-05-14,FOODS_1_184,2,1.656372
2016-05-15,FOODS_1_184,2,1.9225652
2016-05-16,FOODS_1_184,0,1.4573241
2016-05-17,FOODS_1_184,1,1.3417634
2016-05-18,FOODS_1_184,3,1.3848972
2016-05-19,FOODS_1_184,0,1.3194093
2016-05-20,FOODS_1_184,1,1.4049529
2016-05-21,FOODS_1_184,2,1.4383194
2016-05-22,FOODS_1_184,3,1.3414488
2016-04-25,FOODS_1_194,1,1.7644309
2016-04-26,FOODS_1_194,0,1.5296644
2016-04-27,FOODS_1_194,1,1.4585314
2016-04-28,FOODS_1_194,1,1.4635693
2016-04-29,FOODS_1_194,0,1.6635041
2016-04-30,FOODS_1_194,3,1.9654589
2016-05-01,FOODS_1_194,4,2.0200112
2016-05-02,FOODS_1_194,5,1.8591014
2016-05-03,FOODS_1_194,2,2.075853
2016-05-04,FOODS_1_194,0,2.0355995
2016-05-05,FOODS_1_194,0,1.8392996
2016-05-06,FOODS_1_194,1,2.0357974
2016-05-07,FOODS_1_194,2,2.6235647
2016-05-08,FOODS_1_194,1,2.203261
2016-05-09,FOODS_1_194,2,1.9184686
2016-05-10,FOODS_1_194,0,1.6616977
2016-05-11,FOODS_1_194,0,1.5149813
2016-05-12,FOODS_1_194,1,1.42262
2016-05-13,FOODS_1_194,1,1.4587429
2016-05-14,FOODS_1_194,1,1.6331818
2016-05-15,FOODS_1_194,3,1.4822984
2016-05-16,FOODS_1_194,0,1.2528269
2016-05-17,FOODS_1_194,3,1.120596
2016-05-18,FOODS_1_194,2,1.0979009
2016-05-19,FOODS_1_194,6,1.1810223
2016-05-20,FOODS_1_194,5,1.5972763
2016-05-21,FOODS_1_194,5,2.4042647
2016-05-22,FOODS_1_194,6,2.7628345
2016-04-25,FOODS_1_200,2,6.6023436
2016-04-26,FOODS_1_200,8,5.9524074
2016-04-27,FOODS_1_200,7,6.107691
2016-04-28,FOODS_1_200,8,6.5428824
2016-04-29,FOODS_1_200,11,7.381867
2016-04-30,FOODS_1_200,11,8.407649
2016-05-01,FOODS_1_200,8,9.800267
2016-05-02,FOODS_1_200,4,7.6692924
2016-05-03,FOODS_1_200,6,7.4206963
2016-05-04,FOODS_1_200,12,7.5149612
2016-05-05,FOODS_1_200,7,7.3867083
2016-05-06,FOODS_1_200,6,8.939504
2016-05-07,FOODS_1_200,4,9.900804
2016-05-08,FOODS_1_200,10,8.363493
2016-05-09,FOODS_1_200,4,6.960406
2016-05-10,FOODS_1_200,7,7.0167317
2016-05-11,FOODS_1_200,7,6.3373275
2016-05-12,FOODS_1_200,3,6.3059134
2016-05-13,FOODS_1_200,13,6.874333
2016-05-14,FOODS_1_200,10,8.400452
2016-05-15,FOODS_1_200,8,8.510304
2016-05-16,FOODS_1_200,4,6.5640035
2016-05-17,FOODS_1_200,1,6.086012
2016-05-18,FOODS_1_200,8,6.202246
2016-05-19,FOODS_1_200,6,5.646645
2016-05-20,FOODS_1_200,9,6.9423246
2016-05-21,FOODS_1_200,18,7.741764
2016-05-22,FOODS_1_200,5,8.902458
2016-04-25,FOODS_1_201,0,1.9066929
2016-04-26,FOODS_1_201,2,1.6443357
2016-04-27,FOODS_1_201,2,1.7232388
2016-04-28,FOODS_1_201,1,1.4908782
2016-04-29,FOODS_1_201,1,1.8264267
2016-04-30,FOODS_1_201,5,2.0709534
2016-05-01,FOODS_1_201,2,2.234652
2016-05-02,FOODS_1_201,4,1.8058892
2016-05-03,FOODS_1_201,3,1.9422964
2016-05-04,FOODS_1_201,3,2.0055137
2016-05-05,FOODS_1_201,5,2.0107446
2016-05-06,FOODS_1_201,3,2.637947
2016-05-07,FOODS_1_201,1,3.56349
2016-05-08,FOODS_1_201,0,2.9799283
2016-05-09,FOODS_1_201,1,2.345152
2016-05-10,FOODS_1_201,9,2.1828046
2016-05-11,FOODS_1_201,4,2.016205
2016-05-12,FOODS_1_201,2,2.0925448
2016-05-13,FOODS_1_201,3,2.3309808
2016-05-14,FOODS_1_201,4,3.0926795
2016-05-15,FOODS_1_201,2,3.163389
2016-05-16,FOODS_1_201,2,2.6535058
2016-05-17,FOODS_1_201,1,2.5662608
2016-05-18,FOODS_1_201,1,2.292785
2016-05-19,FOODS_1_201,1,2.0663667
2016-05-20,FOODS_1_201,2,2.2284846
2016-05-21,FOODS_1_201,3,2.8076105
2016-05-22,FOODS_1_201,1,2.4436977
2016-04-25,FOODS_1_204,3,2.7945137
2016-04-26,FOODS_1_204,3,2.6443768
2016-04-27,FOODS_1_204,3,2.8312666
2016-04-28,FOODS_1_204,6,3.380816
2016-04-29,FOODS_1_204,7,3.5778334
2016-04-30,FOODS_1_204,4,4.639985
2016-05-01,FOODS_1_204,2,4.746811
2016-05-02,FOODS_1_204,0,3.6328547
2016-05-03,FOODS_1_204,2,3.1564033
2016-05-04,FOODS_1_204,2,3.1003287
2016-05-05,FOODS_1_204,4,2.9278326
2016-05-06,FOODS_1_204,7,3.5346866
2016-05-07,FOODS_1_204,0,4.2509704
2016-05-08,FOODS_1_204,2,3.6645956
2016-05-09,FOODS_1_204,0,3.4373047
2016-05-10,FOODS_1_204,0,2.540219
2016-05-11,FOODS_1_204,1,2.3263006
2016-05-12,FOODS_1_204,0,2.3709486
2016-05-13,FOODS_1_204,1,2.1556237
2016-05-14,FOODS_1_204,2,1.9825124
2016-05-15,FOODS_1_204,3,2.1039164
2016-05-16,FOODS_1_204,1,1.8105131
2016-05-17,FOODS_1_204,0,1.8286269
2016-05-18,FOODS_1_204,0,1.8041137
2016-05-19,FOODS_1_204,0,1.7836761
2016-05-20,FOODS_1_204,1,1.9673153
2016-05-21,FOODS_1_204,1,2.175773
2016-05-22,FOODS_1_204,0,2.0937054
2016-04-25,FOODS_1_206,2,2.1373255
2016-04-26,FOODS_1_206,2,2.0814342
2016-04-27,FOODS_1_206,2,2.0464342
2016-04-28,FOODS_1_206,5,2.1286793
2016-04-29,FOODS_1_206,0,3.036168
2016-04-30,FOODS_1_206,3,2.6872442
2016-05-01,FOODS_1_206,1,2.6519685
2016-05-02,FOODS_1_206,1,2.2695348
2016-05-03,FOODS_1_206,1,2.1443298
2016-05-04,FOODS_1_206,1,2.1728995
2016-05-05,FOODS_1_206,1,1.8772417
2016-05-06,FOODS_1_206,0,1.9680469
2016-05-07,FOODS_1_206,4,2.4965541
2016-05-08,FOODS_1_206,3,2.0635912
2016-05-09,FOODS_1_206,2,1.8111815
2016-05-10,FOODS_1_206,7,1.7061169
2016-05-11,FOODS_1_206,3,1.8187174
2016-05-12,FOODS_1_206,0,2.0213158
2016-05-13,FOODS_1_206,4,2.2123716
2016-05-14,FOODS_1_206,7,2.9269075
2016-05-15,FOODS_1_206,0,3.213161
2016-05-16,FOODS_1_206,3,2.1776094
2016-05-17,FOODS_1_206,0,2.0862005
2016-05-18,FOODS_1_206,6,1.8272635
2016-05-19,FOODS_1_206,3,2.120834
2016-05-20,FOODS_1_206,4,2.4155257
2016-05-21,FOODS_1_206,6,3.537223
2016-05-22,FOODS_1_206,4,3.1067336
2016-04-25,FOODS_1_217,5,2.3855615
2016-04-26,FOODS_1_217,0,2.3042161
2016-04-27,FOODS_1_217,3,2.315956
2016-04-28,FOODS_1_217,1,2.2983775
2016-04-29,FOODS_1_217,1,2.618861
2016-04-30,FOODS_1_217,6,3.19566
2016-05-01,FOODS_1_217,3,3.4514515
2016-05-02,FOODS_1_217,3,2.809303
2016-05-03,FOODS_1_217,0,2.5190032
2016-05-04,FOODS_1_217,7,2.4298105
2016-05-05,FOODS_1_217,4,2.6120174
2016-05-06,FOODS_1_217,7,3.0323246
2016-05-07,FOODS_1_217,6,4.3297677
2016-05-08,FOODS_1_217,2,3.9626837
2016-05-09,FOODS_1_217,1,3.4378881
2016-05-10,FOODS_1_217,1,3.0096416
2016-05-11,FOODS_1_217,2,2.9174411
2016-05-12,FOODS_1_217,0,2.3566191
2016-05-13,FOODS_1_217,0,2.7314281
2016-05-14,FOODS_1_217,4,2.7914221
2016-05-15,FOODS_1_217,2,2.6911247
2016-05-16,FOODS_1_217,0,2.1555274
2016-05-17,FOODS_1_217,3,1.7166995
2016-05-18,FOODS_1_217,3,1.9382567
2016-05-19,FOODS_1_217,9,2.0401497
2016-05-20,FOODS_1_217,6,2.7707918
2016-05-21,FOODS_1_217,0,3.9115162
2016-05-22,FOODS_1_217,1,3.179514
2016-04-25,FOODS_1_218,9,6.437131
2016-04-26,FOODS_1_218,6,6.350223
2016-04-27,FOODS_1_218,4,6.101389
2016-04-28,FOODS_1_218,13,6.7510514
2016-04-29,FOODS_1_218,6,8.069145
2016-04-30,FOODS_1_218,10,8.484829
2016-05-01,FOODS_1_218,9,9.616565
2016-05-02,FOODS_1_218,9,7.8713965
2016-05-03,FOODS_1_218,16,7.428373
2016-05-04,FOODS_1_218,13,8.729977
2016-05-05,FOODS_1_218,13,8.954199
2016-05-06,FOODS_1_218,18,11.680611
2016-05-07,FOODS_1_218,16,13.794221
2016-05-08,FOODS_1_218,16,12.755423
2016-05-09,FOODS_1_218,5,12.068583
2016-05-10,FOODS_1_218,3,11.317518
2016-05-11,FOODS_1_218,4,8.666266
2016-05-12,FOODS_1_218,14,8.828854
2016-05-13,FOODS_1_218,13,10.035309
2016-05-14,FOODS_1_218,27,10.9552965
2016-05-15,FOODS_1_218,6,11.629005
2016-05-16,FOODS_1_218,2,9.016859
2016-05-17,FOODS_1_218,12,7.7672977
2016-05-18,FOODS_1_218,15,9.260091
2016-05-19,FOODS_1_218,2,9.271711
2016-05-20,FOODS_1_218,3,10.413039
2016-05-21,FOODS_1_218,4,10.025527
2016-05-22,FOODS_1_218,1,8.618536
2016-04-25,FOODS_1_219,1,2.6628542
2016-04-26,FOODS_1_219,3,2.0342767
2016-04-27,FOODS_1_219,3,2.066683
2016-04-28,FOODS_1_219,3,2.1548345
2016-04-29,FOODS_1_219,3,2.6810312
2016-04-30,FOODS_1_219,3,3.3004975
2016-05-01,FOODS_1_219,5,3.3947089
2016-05-02,FOODS_1_219,4,2.816352
2016-05-03,FOODS_1_219,3,2.7985632
2016-05-04,FOODS_1_219,1,2.6932402
2016-05-05,FOODS_1_219,0,2.5697749
2016-05-06,FOODS_1_219,2,2.7473383
2016-05-07,FOODS_1_219,7,3.274815
2016-05-08,FOODS_1_219,2,3.339822
2016-05-09,FOODS_1_219,5,2.6450708
2016-05-10,FOODS_1_219,2,2.5219269
2016-05-11,FOODS_1_219,4,2.1945682
2016-05-12,FOODS_1_219,1,2.473633
2016-05-13,FOODS_1_219,2,2.8355286
2016-05-14,FOODS_1_219,5,3.3724763
2016-05-15,FOODS_1_219,4,3.5993583
2016-05-16,FOODS_1_219,2,2.7607293
2016-05-17,FOODS_1_219,1,2.2195857
2016-05-18,FOODS_1_219,2,2.153478
2016-05-19,FOODS_1_219,5,2.1160238
2016-05-20,FOODS_1_219,4,2.691986
2016-05-21,FOODS_1_219,5,3.3547354
2016-05-22,FOODS_1_219,3,3.3393383
