,date,item_id,actual,seq2seq_pred
0,2016-04-25,FOODS_1_004,0,0.43382594
1,2016-04-26,FOODS_1_004,4,0.40958735
2,2016-04-27,FOODS_1_004,5,0.58481646
3,2016-04-28,FOODS_1_004,2,0.6663282
4,2016-04-29,FOODS_1_004,6,0.79758215
5,2016-04-30,FOODS_1_004,4,0.82916117
6,2016-05-01,FOODS_1_004,6,0.82159185
7,2016-05-02,FOODS_1_004,4,0.7245753
8,2016-05-03,FOODS_1_004,3,0.73766184
9,2016-05-04,FOODS_1_004,3,0.76274395
10,2016-05-05,FOODS_1_004,4,0.76663613
11,2016-05-06,FOODS_1_004,2,0.8029263
12,2016-05-07,FOODS_1_004,3,0.8516047
13,2016-05-08,FOODS_1_004,4,0.8619497
14,2016-05-09,FOODS_1_004,0,0.9004848
15,2016-05-10,FOODS_1_004,7,0.92300487
16,2016-05-11,FOODS_1_004,7,0.8873613
17,2016-05-12,FOODS_1_004,1,0.90419674
18,2016-05-13,FOODS_1_004,5,0.888499
19,2016-05-14,FOODS_1_004,6,0.95491004
20,2016-05-15,FOODS_1_004,2,0.9803722
21,2016-05-16,FOODS_1_004,5,0.9857545
22,2016-05-17,FOODS_1_004,1,1.0208197
23,2016-05-18,FOODS_1_004,2,0.97924566
24,2016-05-19,FOODS_1_004,1,0.96254325
25,2016-05-20,FOODS_1_004,1,1.0065305
26,2016-05-21,FOODS_1_004,3,0.98015666
27,2016-05-22,FOODS_1_004,4,1.0045013
28,2016-04-25,FOODS_1_012,3,2.9569955
29,2016-04-26,FOODS_1_012,2,2.456517
30,2016-04-27,FOODS_1_012,4,2.3227
31,2016-04-28,FOODS_1_012,3,2.4438543
32,2016-04-29,FOODS_1_012,2,2.7934647
33,2016-04-30,FOODS_1_012,1,3.151141
34,2016-05-01,FOODS_1_012,3,3.1050477
35,2016-05-02,FOODS_1_012,1,2.6241403
36,2016-05-03,FOODS_1_012,6,2.2657182
37,2016-05-04,FOODS_1_012,0,2.1479347
38,2016-05-05,FOODS_1_012,1,2.287107
39,2016-05-06,FOODS_1_012,6,2.643288
40,2016-05-07,FOODS_1_012,0,2.9540014
41,2016-05-08,FOODS_1_012,2,2.9084094
42,2016-05-09,FOODS_1_012,0,2.5078568
43,2016-05-10,FOODS_1_012,3,2.2013834
44,2016-05-11,FOODS_1_012,4,2.1353848
45,2016-05-12,FOODS_1_012,0,2.298601
46,2016-05-13,FOODS_1_012,2,2.6256342
47,2016-05-14,FOODS_1_012,1,2.9018743
48,2016-05-15,FOODS_1_012,0,2.8110473
49,2016-05-16,FOODS_1_012,1,2.4455116
50,2016-05-17,FOODS_1_012,4,2.1881528
51,2016-05-18,FOODS_1_012,7,2.1387217
52,2016-05-19,FOODS_1_012,6,2.3409293
53,2016-05-20,FOODS_1_012,5,2.6723368
54,2016-05-21,FOODS_1_012,3,2.9062705
55,2016-05-22,FOODS_1_012,8,2.7739313
56,2016-04-25,FOODS_1_018,9,8.677781
57,2016-04-26,FOODS_1_018,9,7.3634796
58,2016-04-27,FOODS_1_018,3,7.365075
59,2016-04-28,FOODS_1_018,6,8.376455
60,2016-04-29,FOODS_1_018,1,11.035826
61,2016-04-30,FOODS_1_018,9,12.80874
62,2016-05-01,FOODS_1_018,2,10.865005
63,2016-05-02,FOODS_1_018,5,7.6238875
64,2016-05-03,FOODS_1_018,2,7.067325
65,2016-05-04,FOODS_1_018,7,6.9763336
66,2016-05-05,FOODS_1_018,12,7.865776
67,2016-05-06,FOODS_1_018,24,10.2607565
68,2016-05-07,FOODS_1_018,23,12.048062
69,2016-05-08,FOODS_1_018,7,10.2272415
70,2016-05-09,FOODS_1_018,3,7.272877
71,2016-05-10,FOODS_1_018,3,6.745695
72,2016-05-11,FOODS_1_018,10,6.704813
73,2016-05-12,FOODS_1_018,4,7.6107526
74,2016-05-13,FOODS_1_018,7,10.004558
75,2016-05-14,FOODS_1_018,8,11.662503
76,2016-05-15,FOODS_1_018,15,9.825594
77,2016-05-16,FOODS_1_018,5,6.9633913
78,2016-05-17,FOODS_1_018,11,6.5758305
79,2016-05-18,FOODS_1_018,6,6.4772487
80,2016-05-19,FOODS_1_018,17,7.3775744
81,2016-05-20,FOODS_1_018,11,9.700203
82,2016-05-21,FOODS_1_018,13,11.275392
83,2016-05-22,FOODS_1_018,11,9.521192
84,2016-04-25,FOODS_1_019,2,9.191733
85,2016-04-26,FOODS_1_019,2,7.4891148
86,2016-04-27,FOODS_1_019,0,7.414608
87,2016-04-28,FOODS_1_019,3,8.280175
88,2016-04-29,FOODS_1_019,11,10.724249
89,2016-04-30,FOODS_1_019,24,12.498601
90,2016-05-01,FOODS_1_019,21,10.900176
91,2016-05-02,FOODS_1_019,0,7.9048553
92,2016-05-03,FOODS_1_019,0,7.2051167
93,2016-05-04,FOODS_1_019,0,7.0783772
94,2016-05-05,FOODS_1_019,6,7.9857826
95,2016-05-06,FOODS_1_019,5,10.285757
96,2016-05-07,FOODS_1_019,9,11.872589
97,2016-05-08,FOODS_1_019,1,10.194367
98,2016-05-09,FOODS_1_019,12,7.50505
99,2016-05-10,FOODS_1_019,0,6.9155807
100,2016-05-11,FOODS_1_019,1,6.8541327
101,2016-05-12,FOODS_1_019,0,7.7985315
102,2016-05-13,FOODS_1_019,21,10.075605
103,2016-05-14,FOODS_1_019,5,11.428306
104,2016-05-15,FOODS_1_019,16,9.83806
105,2016-05-16,FOODS_1_019,6,7.236716
106,2016-05-17,FOODS_1_019,10,6.7865973
107,2016-05-18,FOODS_1_019,9,6.7123747
108,2016-05-19,FOODS_1_019,0,7.6009707
109,2016-05-20,FOODS_1_019,18,9.919865
110,2016-05-21,FOODS_1_019,11,11.084784
111,2016-05-22,FOODS_1_019,12,9.494938
112,2016-04-25,FOODS_1_021,0,1.6787717
113,2016-04-26,FOODS_1_021,0,1.3896174
114,2016-04-27,FOODS_1_021,0,1.4323347
115,2016-04-28,FOODS_1_021,2,1.6938616
116,2016-04-29,FOODS_1_021,1,2.184494
117,2016-04-30,FOODS_1_021,1,2.4763038
118,2016-05-01,FOODS_1_021,2,2.0744066
119,2016-05-02,FOODS_1_021,3,1.5318797
120,2016-05-03,FOODS_1_021,3,1.3995831
121,2016-05-04,FOODS_1_021,0,1.4596624
122,2016-05-05,FOODS_1_021,0,1.7403402
123,2016-05-06,FOODS_1_021,0,2.1688356
124,2016-05-07,FOODS_1_021,0,2.38971
125,2016-05-08,FOODS_1_021,0,2.0317514
126,2016-05-09,FOODS_1_021,0,1.583786
127,2016-05-10,FOODS_1_021,0,1.4659922
128,2016-05-11,FOODS_1_021,0,1.5594342
129,2016-05-12,FOODS_1_021,1,1.8827506
130,2016-05-13,FOODS_1_021,0,2.3062112
131,2016-05-14,FOODS_1_021,0,2.4538898
132,2016-05-15,FOODS_1_021,0,2.0492985
133,2016-05-16,FOODS_1_021,0,1.6296301
134,2016-05-17,FOODS_1_021,0,1.5306385
135,2016-05-18,FOODS_1_021,0,1.6688172
136,2016-05-19,FOODS_1_021,0,2.0147398
137,2016-05-20,FOODS_1_021,0,2.4296772
138,2016-05-21,FOODS_1_021,0,2.4947164
139,2016-05-22,FOODS_1_021,0,2.0650146
140,2016-04-25,FOODS_1_032,0,1.7322701
141,2016-04-26,FOODS_1_032,1,1.4883654
142,2016-04-27,FOODS_1_032,2,1.5021353
143,2016-04-28,FOODS_1_032,4,1.7828056
144,2016-04-29,FOODS_1_032,11,2.2840397
145,2016-04-30,FOODS_1_032,8,2.559233
146,2016-05-01,FOODS_1_032,2,2.1309083
147,2016-05-02,FOODS_1_032,3,1.6105497
148,2016-05-03,FOODS_1_032,2,1.4574103
149,2016-05-04,FOODS_1_032,7,1.4975321
150,2016-05-05,FOODS_1_032,0,1.7516693
151,2016-05-06,FOODS_1_032,2,2.1858423
152,2016-05-07,FOODS_1_032,5,2.3802202
153,2016-05-08,FOODS_1_032,3,2.0130353
154,2016-05-09,FOODS_1_032,2,1.5831392
155,2016-05-10,FOODS_1_032,3,1.4724526
156,2016-05-11,FOODS_1_032,2,1.5374656
157,2016-05-12,FOODS_1_032,2,1.8545308
158,2016-05-13,FOODS_1_032,3,2.2839615
159,2016-05-14,FOODS_1_032,10,2.4167807
160,2016-05-15,FOODS_1_032,4,2.0031965
161,2016-05-16,FOODS_1_032,5,1.6035247
162,2016-05-17,FOODS_1_032,2,1.5235665
163,2016-05-18,FOODS_1_032,0,1.6394604
164,2016-05-19,FOODS_1_032,0,2.0014467
165,2016-05-20,FOODS_1_032,3,2.4160054
166,2016-05-21,FOODS_1_032,21,2.4743521
167,2016-05-22,FOODS_1_032,5,2.0379248
168,2016-04-25,FOODS_1_036,3,2.3586786
169,2016-04-26,FOODS_1_036,2,2.1117537
170,2016-04-27,FOODS_1_036,1,2.135892
171,2016-04-28,FOODS_1_036,3,2.4891067
172,2016-04-29,FOODS_1_036,3,3.0818
173,2016-04-30,FOODS_1_036,3,3.380302
174,2016-05-01,FOODS_1_036,3,2.8257172
175,2016-05-02,FOODS_1_036,4,2.1850178
176,2016-05-03,FOODS_1_036,3,2.0410686
177,2016-05-04,FOODS_1_036,1,2.0959263
178,2016-05-05,FOODS_1_036,0,2.4478881
179,2016-05-06,FOODS_1_036,0,2.968646
180,2016-05-07,FOODS_1_036,2,3.2090063
181,2016-05-08,FOODS_1_036,0,2.7219892
182,2016-05-09,FOODS_1_036,1,2.202946
183,2016-05-10,FOODS_1_036,1,2.0617657
184,2016-05-11,FOODS_1_036,4,2.1579888
185,2016-05-12,FOODS_1_036,0,2.544175
186,2016-05-13,FOODS_1_036,4,3.0684447
187,2016-05-14,FOODS_1_036,5,3.223209
188,2016-05-15,FOODS_1_036,5,2.6963394
189,2016-05-16,FOODS_1_036,2,2.2190716
190,2016-05-17,FOODS_1_036,2,2.0932162
191,2016-05-18,FOODS_1_036,3,2.1893504
192,2016-05-19,FOODS_1_036,1,2.6111245
193,2016-05-20,FOODS_1_036,2,3.1238189
194,2016-05-21,FOODS_1_036,3,3.1849165
195,2016-05-22,FOODS_1_036,1,2.6292882
196,2016-04-25,FOODS_1_040,5,2.1326282
197,2016-04-26,FOODS_1_040,0,2.0245214
198,2016-04-27,FOODS_1_040,1,2.1099315
199,2016-04-28,FOODS_1_040,2,2.4893522
200,2016-04-29,FOODS_1_040,1,3.113149
201,2016-04-30,FOODS_1_040,3,3.3846042
202,2016-05-01,FOODS_1_040,1,2.772253
203,2016-05-02,FOODS_1_040,4,2.1991415
204,2016-05-03,FOODS_1_040,3,2.0462568
205,2016-05-04,FOODS_1_040,1,2.1488185
206,2016-05-05,FOODS_1_040,0,2.5622966
207,2016-05-06,FOODS_1_040,0,3.111219
208,2016-05-07,FOODS_1_040,0,3.3067641
209,2016-05-08,FOODS_1_040,1,2.7526405
210,2016-05-09,FOODS_1_040,0,2.2521152
211,2016-05-10,FOODS_1_040,0,2.1221251
212,2016-05-11,FOODS_1_040,0,2.2478344
213,2016-05-12,FOODS_1_040,0,2.67023
214,2016-05-13,FOODS_1_040,0,3.2334452
215,2016-05-14,FOODS_1_040,2,3.3365252
216,2016-05-15,FOODS_1_040,5,2.7360744
217,2016-05-16,FOODS_1_040,0,2.2653275
218,2016-05-17,FOODS_1_040,4,2.1755157
219,2016-05-18,FOODS_1_040,4,2.3187344
220,2016-05-19,FOODS_1_040,7,2.779112
221,2016-05-20,FOODS_1_040,0,3.3284662
222,2016-05-21,FOODS_1_040,1,3.3403952
223,2016-05-22,FOODS_1_040,0,2.7280202
224,2016-04-25,FOODS_1_042,1,3.3261135
225,2016-04-26,FOODS_1_042,0,3.0582442
226,2016-04-27,FOODS_1_042,1,3.162674
227,2016-04-28,FOODS_1_042,6,3.665747
228,2016-04-29,FOODS_1_042,0,4.571453
229,2016-04-30,FOODS_1_042,8,5.13435
230,2016-05-01,FOODS_1_042,9,4.286908
231,2016-05-02,FOODS_1_042,8,3.2753716
232,2016-05-03,FOODS_1_042,4,3.1152651
233,2016-05-04,FOODS_1_042,3,3.1899886
234,2016-05-05,FOODS_1_042,1,3.6817913
235,2016-05-06,FOODS_1_042,8,4.54409
236,2016-05-07,FOODS_1_042,4,4.9710603
237,2016-05-08,FOODS_1_042,0,4.210155
238,2016-05-09,FOODS_1_042,0,3.274076
239,2016-05-10,FOODS_1_042,0,3.128192
240,2016-05-11,FOODS_1_042,0,3.2123253
241,2016-05-12,FOODS_1_042,0,3.746026
242,2016-05-13,FOODS_1_042,3,4.5972934
243,2016-05-14,FOODS_1_042,2,4.983496
244,2016-05-15,FOODS_1_042,6,4.1567836
245,2016-05-16,FOODS_1_042,3,3.3199272
246,2016-05-17,FOODS_1_042,0,3.1975973
247,2016-05-18,FOODS_1_042,4,3.2975123
248,2016-05-19,FOODS_1_042,3,3.84976
249,2016-05-20,FOODS_1_042,4,4.703992
250,2016-05-21,FOODS_1_042,5,5.033047
251,2016-05-22,FOODS_1_042,3,4.156936
252,2016-04-25,FOODS_1_043,0,0.2996733
253,2016-04-26,FOODS_1_043,5,0.16697237
254,2016-04-27,FOODS_1_043,10,0.23017594
255,2016-04-28,FOODS_1_043,4,0.421962
256,2016-04-29,FOODS_1_043,19,0.71022296
257,2016-04-30,FOODS_1_043,8,0.83339334
258,2016-05-01,FOODS_1_043,10,0.6718235
259,2016-05-02,FOODS_1_043,6,0.4219155
260,2016-05-03,FOODS_1_043,13,0.34043977
261,2016-05-04,FOODS_1_043,4,0.3841941
262,2016-05-05,FOODS_1_043,14,0.5865617
263,2016-05-06,FOODS_1_043,12,0.8057306
264,2016-05-07,FOODS_1_043,15,0.915833
265,2016-05-08,FOODS_1_043,3,0.78226614
266,2016-05-09,FOODS_1_043,7,0.5689192
267,2016-05-10,FOODS_1_043,10,0.5272925
268,2016-05-11,FOODS_1_043,5,0.5672498
269,2016-05-12,FOODS_1_043,9,0.7147498
270,2016-05-13,FOODS_1_043,11,0.9387555
271,2016-05-14,FOODS_1_043,9,0.9904258
272,2016-05-15,FOODS_1_043,11,0.8323641
273,2016-05-16,FOODS_1_043,9,0.6715481
274,2016-05-17,FOODS_1_043,3,0.6211922
275,2016-05-18,FOODS_1_043,1,0.7298634
276,2016-05-19,FOODS_1_043,4,0.8978634
277,2016-05-20,FOODS_1_043,5,1.109427
278,2016-05-21,FOODS_1_043,8,1.1248531
279,2016-05-22,FOODS_1_043,5,0.98200774
280,2016-04-25,FOODS_1_044,2,1.2945597
281,2016-04-26,FOODS_1_044,1,1.0244865
282,2016-04-27,FOODS_1_044,1,1.003505
283,2016-04-28,FOODS_1_044,3,1.2097933
284,2016-04-29,FOODS_1_044,1,1.5733736
285,2016-04-30,FOODS_1_044,2,1.7289785
286,2016-05-01,FOODS_1_044,5,1.5526214
287,2016-05-02,FOODS_1_044,5,1.1694005
288,2016-05-03,FOODS_1_044,6,1.028245
289,2016-05-04,FOODS_1_044,1,1.0664
290,2016-05-05,FOODS_1_044,2,1.2822542
291,2016-05-06,FOODS_1_044,3,1.5798824
292,2016-05-07,FOODS_1_044,3,1.7000748
293,2016-05-08,FOODS_1_044,4,1.5398962
294,2016-05-09,FOODS_1_044,1,1.2312038
295,2016-05-10,FOODS_1_044,4,1.1323912
296,2016-05-11,FOODS_1_044,0,1.1386657
297,2016-05-12,FOODS_1_044,4,1.3949244
298,2016-05-13,FOODS_1_044,4,1.6901071
299,2016-05-14,FOODS_1_044,2,1.7990361
300,2016-05-15,FOODS_1_044,1,1.5978582
301,2016-05-16,FOODS_1_044,0,1.324662
302,2016-05-17,FOODS_1_044,1,1.2851987
303,2016-05-18,FOODS_1_044,0,1.3403244
304,2016-05-19,FOODS_1_044,0,1.5046
305,2016-05-20,FOODS_1_044,0,1.7540463
306,2016-05-21,FOODS_1_044,1,1.8579218
307,2016-05-22,FOODS_1_044,2,1.642239
308,2016-04-25,FOODS_1_045,2,2.075361
309,2016-04-26,FOODS_1_045,0,1.8023174
310,2016-04-27,FOODS_1_045,1,1.843137
311,2016-04-28,FOODS_1_045,0,2.0997446
312,2016-04-29,FOODS_1_045,0,2.6054606
313,2016-04-30,FOODS_1_045,2,2.8479493
314,2016-05-01,FOODS_1_045,6,2.3757317
315,2016-05-02,FOODS_1_045,3,1.8177093
316,2016-05-03,FOODS_1_045,4,1.6543756
317,2016-05-04,FOODS_1_045,3,1.6927956
318,2016-05-05,FOODS_1_045,3,1.9780933
319,2016-05-06,FOODS_1_045,1,2.436067
320,2016-05-07,FOODS_1_045,1,2.6438186
321,2016-05-08,FOODS_1_045,0,2.2824137
322,2016-05-09,FOODS_1_045,0,1.8335851
323,2016-05-10,FOODS_1_045,1,1.6903089
324,2016-05-11,FOODS_1_045,6,1.7719089
325,2016-05-12,FOODS_1_045,1,2.0889452
326,2016-05-13,FOODS_1_045,5,2.5318372
327,2016-05-14,FOODS_1_045,1,2.6822925
328,2016-05-15,FOODS_1_045,1,2.2896142
329,2016-05-16,FOODS_1_045,4,1.8405405
330,2016-05-17,FOODS_1_045,6,1.6924055
331,2016-05-18,FOODS_1_045,3,1.7790786
332,2016-05-19,FOODS_1_045,8,2.0839381
333,2016-05-20,FOODS_1_045,1,2.5317807
334,2016-05-21,FOODS_1_045,1,2.6433496
335,2016-05-22,FOODS_1_045,0,2.2086377
336,2016-04-25,FOODS_1_046,5,7.0540223
337,2016-04-26,FOODS_1_046,7,6.601563
338,2016-04-27,FOODS_1_046,4,6.7943068
339,2016-04-28,FOODS_1_046,7,8.038896
340,2016-04-29,FOODS_1_046,13,10.4627495
341,2016-04-30,FOODS_1_046,8,11.494257
342,2016-05-01,FOODS_1_046,6,9.526407
343,2016-05-02,FOODS_1_046,5,6.8532214
344,2016-05-03,FOODS_1_046,1,6.566933
345,2016-05-04,FOODS_1_046,11,6.604027
346,2016-05-05,FOODS_1_046,3,7.565384
347,2016-05-06,FOODS_1_046,9,9.852206
348,2016-05-07,FOODS_1_046,18,11.059614
349,2016-05-08,FOODS_1_046,9,9.1430645
350,2016-05-09,FOODS_1_046,4,6.7186303
351,2016-05-10,FOODS_1_046,3,6.4745154
352,2016-05-11,FOODS_1_046,6,6.5207515
353,2016-05-12,FOODS_1_046,4,7.6040964
354,2016-05-13,FOODS_1_046,2,9.903862
355,2016-05-14,FOODS_1_046,5,10.997411
356,2016-05-15,FOODS_1_046,7,9.072053
357,2016-05-16,FOODS_1_046,5,6.730355
358,2016-05-17,FOODS_1_046,12,6.4473276
359,2016-05-18,FOODS_1_046,10,6.5377984
360,2016-05-19,FOODS_1_046,10,7.638552
361,2016-05-20,FOODS_1_046,13,9.901451
362,2016-05-21,FOODS_1_046,7,11.007438
363,2016-05-22,FOODS_1_046,5,9.073061
364,2016-04-25,FOODS_1_054,2,1.7714393
365,2016-04-26,FOODS_1_054,3,1.6657974
366,2016-04-27,FOODS_1_054,4,1.756313
367,2016-04-28,FOODS_1_054,0,2.0632646
368,2016-04-29,FOODS_1_054,0,2.5476332
369,2016-04-30,FOODS_1_054,2,2.7993596
370,2016-05-01,FOODS_1_054,5,2.378564
371,2016-05-02,FOODS_1_054,0,1.8847672
372,2016-05-03,FOODS_1_054,3,1.7298448
373,2016-05-04,FOODS_1_054,3,1.8140405
374,2016-05-05,FOODS_1_054,6,2.1382291
375,2016-05-06,FOODS_1_054,2,2.5930254
376,2016-05-07,FOODS_1_054,11,2.7651157
377,2016-05-08,FOODS_1_054,2,2.3828351
378,2016-05-09,FOODS_1_054,0,1.9496055
379,2016-05-10,FOODS_1_054,1,1.811406
380,2016-05-11,FOODS_1_054,2,1.8964734
381,2016-05-12,FOODS_1_054,2,2.2590625
382,2016-05-13,FOODS_1_054,3,2.7160203
383,2016-05-14,FOODS_1_054,1,2.8325362
384,2016-05-15,FOODS_1_054,3,2.4052353
385,2016-05-16,FOODS_1_054,2,1.9889414
386,2016-05-17,FOODS_1_054,10,1.8595355
387,2016-05-18,FOODS_1_054,3,2.0121727
388,2016-05-19,FOODS_1_054,2,2.4221356
389,2016-05-20,FOODS_1_054,1,2.8774042
390,2016-05-21,FOODS_1_054,8,2.9281907
391,2016-05-22,FOODS_1_054,2,2.4333632
392,2016-04-25,FOODS_1_055,0,2.751864
393,2016-04-26,FOODS_1_055,3,2.1577427
394,2016-04-27,FOODS_1_055,0,2.0593553
395,2016-04-28,FOODS_1_055,0,2.2316883
396,2016-04-29,FOODS_1_055,0,2.6498654
397,2016-04-30,FOODS_1_055,0,2.9658191
398,2016-05-01,FOODS_1_055,8,2.7760415
399,2016-05-02,FOODS_1_055,1,2.256595
400,2016-05-03,FOODS_1_055,4,1.9403894
401,2016-05-04,FOODS_1_055,3,1.9005262
402,2016-05-05,FOODS_1_055,3,2.0976434
403,2016-05-06,FOODS_1_055,28,2.4849558
404,2016-05-07,FOODS_1_055,1,2.7928824
405,2016-05-08,FOODS_1_055,0,2.6469114
406,2016-05-09,FOODS_1_055,0,2.2028174
407,2016-05-10,FOODS_1_055,11,1.9412146
408,2016-05-11,FOODS_1_055,1,1.8850559
409,2016-05-12,FOODS_1_055,0,2.0915153
410,2016-05-13,FOODS_1_055,2,2.4734573
411,2016-05-14,FOODS_1_055,2,2.7289243
412,2016-05-15,FOODS_1_055,0,2.5541573
413,2016-05-16,FOODS_1_055,19,2.1309566
414,2016-05-17,FOODS_1_055,0,1.9030883
415,2016-05-18,FOODS_1_055,3,1.908103
416,2016-05-19,FOODS_1_055,3,2.1300058
417,2016-05-20,FOODS_1_055,2,2.503375
418,2016-05-21,FOODS_1_055,2,2.7248144
419,2016-05-22,FOODS_1_055,12,2.5002525
420,2016-04-25,FOODS_1_058,0,0.28093693
421,2016-04-26,FOODS_1_058,0,0.20882985
422,2016-04-27,FOODS_1_058,0,0.30341694
423,2016-04-28,FOODS_1_058,0,0.52128696
424,2016-04-29,FOODS_1_058,2,0.77101254
425,2016-04-30,FOODS_1_058,0,0.89597034
426,2016-05-01,FOODS_1_058,2,0.7248528
427,2016-05-02,FOODS_1_058,2,0.53980756
428,2016-05-03,FOODS_1_058,5,0.41750094
429,2016-05-04,FOODS_1_058,0,0.50444674
430,2016-05-05,FOODS_1_058,9,0.69444656
431,2016-05-06,FOODS_1_058,5,0.87921214
432,2016-05-07,FOODS_1_058,4,0.9445753
433,2016-05-08,FOODS_1_058,4,0.8370185
434,2016-05-09,FOODS_1_058,1,0.6831386
435,2016-05-10,FOODS_1_058,2,0.59366846
436,2016-05-11,FOODS_1_058,2,0.6588702
437,2016-05-12,FOODS_1_058,3,0.8313587
438,2016-05-13,FOODS_1_058,5,1.0395322
439,2016-05-14,FOODS_1_058,4,1.0616038
440,2016-05-15,FOODS_1_058,4,0.9156327
441,2016-05-16,FOODS_1_058,1,0.77808356
442,2016-05-17,FOODS_1_058,2,0.7452116
443,2016-05-18,FOODS_1_058,2,0.801563
444,2016-05-19,FOODS_1_058,3,0.98920345
445,2016-05-20,FOODS_1_058,3,1.1599772
446,2016-05-21,FOODS_1_058,9,1.1559443
447,2016-05-22,FOODS_1_058,0,1.0577505
448,2016-04-25,FOODS_1_067,5,1.6622418
449,2016-04-26,FOODS_1_067,10,1.5997152
450,2016-04-27,FOODS_1_067,5,1.7483141
451,2016-04-28,FOODS_1_067,3,2.085219
452,2016-04-29,FOODS_1_067,3,2.5528598
453,2016-04-30,FOODS_1_067,11,2.741933
454,2016-05-01,FOODS_1_067,3,2.3114831
455,2016-05-02,FOODS_1_067,1,1.8736234
456,2016-05-03,FOODS_1_067,1,1.7639499
457,2016-05-04,FOODS_1_067,2,1.8594606
458,2016-05-05,FOODS_1_067,2,2.2002466
459,2016-05-06,FOODS_1_067,2,2.6616476
460,2016-05-07,FOODS_1_067,0,2.794641
461,2016-05-08,FOODS_1_067,0,2.3889372
462,2016-05-09,FOODS_1_067,0,1.9853652
463,2016-05-10,FOODS_1_067,0,1.8630942
464,2016-05-11,FOODS_1_067,0,1.9573425
465,2016-05-12,FOODS_1_067,0,2.361052
466,2016-05-13,FOODS_1_067,15,2.8315299
467,2016-05-14,FOODS_1_067,2,2.9089255
468,2016-05-15,FOODS_1_067,4,2.4260895
469,2016-05-16,FOODS_1_067,4,2.0270941
470,2016-05-17,FOODS_1_067,3,1.9363347
471,2016-05-18,FOODS_1_067,3,2.0787773
472,2016-05-19,FOODS_1_067,5,2.4768329
473,2016-05-20,FOODS_1_067,7,2.9227347
474,2016-05-21,FOODS_1_067,1,2.9563713
475,2016-05-22,FOODS_1_067,3,2.440234
476,2016-04-25,FOODS_1_082,10,6.5520854
477,2016-04-26,FOODS_1_082,6,6.269382
478,2016-04-27,FOODS_1_082,9,6.5933127
479,2016-04-28,FOODS_1_082,5,7.8639283
480,2016-04-29,FOODS_1_082,9,10.064231
481,2016-04-30,FOODS_1_082,10,10.910788
482,2016-05-01,FOODS_1_082,6,8.9971285
483,2016-05-02,FOODS_1_082,4,6.6474676
484,2016-05-03,FOODS_1_082,3,6.4119315
485,2016-05-04,FOODS_1_082,6,6.5816793
486,2016-05-05,FOODS_1_082,4,7.680121
487,2016-05-06,FOODS_1_082,5,9.879864
488,2016-05-07,FOODS_1_082,17,10.845404
489,2016-05-08,FOODS_1_082,12,8.800289
490,2016-05-09,FOODS_1_082,8,6.594734
491,2016-05-10,FOODS_1_082,12,6.3586116
492,2016-05-11,FOODS_1_082,9,6.4495387
493,2016-05-12,FOODS_1_082,4,7.58614
494,2016-05-13,FOODS_1_082,10,9.692469
495,2016-05-14,FOODS_1_082,16,10.561107
496,2016-05-15,FOODS_1_082,11,8.750664
497,2016-05-16,FOODS_1_082,4,6.5435634
498,2016-05-17,FOODS_1_082,7,6.342943
499,2016-05-18,FOODS_1_082,9,6.441438
500,2016-05-19,FOODS_1_082,1,7.5469484
501,2016-05-20,FOODS_1_082,6,9.58211
502,2016-05-21,FOODS_1_082,11,10.502411
503,2016-05-22,FOODS_1_082,7,8.583584
504,2016-04-25,FOODS_1_085,10,7.331773
505,2016-04-26,FOODS_1_085,4,6.84341
506,2016-04-27,FOODS_1_085,14,7.115779
507,2016-04-28,FOODS_1_085,14,8.429976
508,2016-04-29,FOODS_1_085,6,10.723279
509,2016-04-30,FOODS_1_085,18,11.656848
510,2016-05-01,FOODS_1_085,7,9.435653
511,2016-05-02,FOODS_1_085,0,6.9991727
512,2016-05-03,FOODS_1_085,11,6.8138876
513,2016-05-04,FOODS_1_085,2,6.9200273
514,2016-05-05,FOODS_1_085,7,8.119388
515,2016-05-06,FOODS_1_085,9,10.386749
516,2016-05-07,FOODS_1_085,0,11.436816
517,2016-05-08,FOODS_1_085,4,9.289329
518,2016-05-09,FOODS_1_085,7,6.9324765
519,2016-05-10,FOODS_1_085,1,6.747991
520,2016-05-11,FOODS_1_085,1,6.8878336
521,2016-05-12,FOODS_1_085,4,8.043695
522,2016-05-13,FOODS_1_085,9,10.332125
523,2016-05-14,FOODS_1_085,10,11.158348
524,2016-05-15,FOODS_1_085,2,9.082595
525,2016-05-16,FOODS_1_085,5,6.8544326
526,2016-05-17,FOODS_1_085,6,6.6803255
527,2016-05-18,FOODS_1_085,15,6.7756495
528,2016-05-19,FOODS_1_085,6,7.879415
529,2016-05-20,FOODS_1_085,4,10.117239
530,2016-05-21,FOODS_1_085,6,10.979869
531,2016-05-22,FOODS_1_085,2,8.994715
532,2016-04-25,FOODS_1_086,2,5.373622
533,2016-04-26,FOODS_1_086,0,4.5330396
534,2016-04-27,FOODS_1_086,0,4.5176682
535,2016-04-28,FOODS_1_086,6,5.1070848
536,2016-04-29,FOODS_1_086,9,6.37669
537,2016-04-30,FOODS_1_086,16,7.138908
538,2016-05-01,FOODS_1_086,2,6.0364223
539,2016-05-02,FOODS_1_086,11,4.5525064
540,2016-05-03,FOODS_1_086,4,4.2502065
541,2016-05-04,FOODS_1_086,0,4.2466908
542,2016-05-05,FOODS_1_086,7,4.787979
543,2016-05-06,FOODS_1_086,5,5.944479
544,2016-05-07,FOODS_1_086,0,6.5988708
545,2016-05-08,FOODS_1_086,0,5.6039114
546,2016-05-09,FOODS_1_086,0,4.3344088
547,2016-05-10,FOODS_1_086,0,4.0899653
548,2016-05-11,FOODS_1_086,0,4.1226263
549,2016-05-12,FOODS_1_086,0,4.696349
550,2016-05-13,FOODS_1_086,9,5.772073
551,2016-05-14,FOODS_1_086,3,6.3094144
552,2016-05-15,FOODS_1_086,0,5.325196
553,2016-05-16,FOODS_1_086,9,4.1933045
554,2016-05-17,FOODS_1_086,9,3.976565
555,2016-05-18,FOODS_1_086,13,4.02462
556,2016-05-19,FOODS_1_086,0,4.6335206
557,2016-05-20,FOODS_1_086,8,5.6974683
558,2016-05-21,FOODS_1_086,7,6.12499
559,2016-05-22,FOODS_1_086,1,5.061216
560,2016-04-25,FOODS_1_087,3,2.6565645
561,2016-04-26,FOODS_1_087,2,2.4084775
562,2016-04-27,FOODS_1_087,4,2.370762
563,2016-04-28,FOODS_1_087,2,2.5963297
564,2016-04-29,FOODS_1_087,7,3.0477102
565,2016-04-30,FOODS_1_087,0,3.355663
566,2016-05-01,FOODS_1_087,4,3.1137
567,2016-05-02,FOODS_1_087,6,2.574062
568,2016-05-03,FOODS_1_087,3,2.324295
569,2016-05-04,FOODS_1_087,3,2.3086162
570,2016-05-05,FOODS_1_087,4,2.5759876
571,2016-05-06,FOODS_1_087,2,3.0120752
572,2016-05-07,FOODS_1_087,0,3.3025906
573,2016-05-08,FOODS_1_087,2,3.0518548
574,2016-05-09,FOODS_1_087,2,2.5887454
575,2016-05-10,FOODS_1_087,3,2.3769753
576,2016-05-11,FOODS_1_087,0,2.3931093
577,2016-05-12,FOODS_1_087,0,2.6611722
578,2016-05-13,FOODS_1_087,3,3.0727565
579,2016-05-14,FOODS_1_087,3,3.3033705
580,2016-05-15,FOODS_1_087,6,3.035639
581,2016-05-16,FOODS_1_087,0,2.5888143
582,2016-05-17,FOODS_1_087,1,2.385179
583,2016-05-18,FOODS_1_087,1,2.4345381
584,2016-05-19,FOODS_1_087,7,2.7218976
585,2016-05-20,FOODS_1_087,5,3.1415267
586,2016-05-21,FOODS_1_087,0,3.312529
587,2016-05-22,FOODS_1_087,2,2.9657884
588,2016-04-25,FOODS_1_099,6,7.4286366
589,2016-04-26,FOODS_1_099,8,6.8637743
590,2016-04-27,FOODS_1_099,5,6.9975843
591,2016-04-28,FOODS_1_099,7,8.24562
592,2016-04-29,FOODS_1_099,9,10.709206
593,2016-04-30,FOODS_1_099,13,11.929847
594,2016-05-01,FOODS_1_099,12,9.693567
595,2016-05-02,FOODS_1_099,1,7.096748
596,2016-05-03,FOODS_1_099,6,6.8477473
597,2016-05-04,FOODS_1_099,1,6.9108143
598,2016-05-05,FOODS_1_099,4,8.032583
599,2016-05-06,FOODS_1_099,7,10.425811
600,2016-05-07,FOODS_1_099,16,11.700709
601,2016-05-08,FOODS_1_099,9,9.59139
602,2016-05-09,FOODS_1_099,12,7.0836635
603,2016-05-10,FOODS_1_099,9,6.856643
604,2016-05-11,FOODS_1_099,4,6.8827825
605,2016-05-12,FOODS_1_099,9,7.979677
606,2016-05-13,FOODS_1_099,12,10.400034
607,2016-05-14,FOODS_1_099,10,11.519223
608,2016-05-15,FOODS_1_099,15,9.308525
609,2016-05-16,FOODS_1_099,6,6.8878636
610,2016-05-17,FOODS_1_099,16,6.7086396
611,2016-05-18,FOODS_1_099,1,6.748844
612,2016-05-19,FOODS_1_099,2,7.837989
613,2016-05-20,FOODS_1_099,3,10.141334
614,2016-05-21,FOODS_1_099,3,11.2811165
615,2016-05-22,FOODS_1_099,2,9.165484
616,2016-04-25,FOODS_1_104,1,1.6771895
617,2016-04-26,FOODS_1_104,1,1.4086487
618,2016-04-27,FOODS_1_104,2,1.4264278
619,2016-04-28,FOODS_1_104,0,1.6443832
620,2016-04-29,FOODS_1_104,0,2.0194001
621,2016-04-30,FOODS_1_104,3,2.2153215
622,2016-05-01,FOODS_1_104,1,1.9799919
623,2016-05-02,FOODS_1_104,1,1.5605645
624,2016-05-03,FOODS_1_104,0,1.3805189
625,2016-05-04,FOODS_1_104,1,1.4432983
626,2016-05-05,FOODS_1_104,1,1.6558024
627,2016-05-06,FOODS_1_104,0,2.0235794
628,2016-05-07,FOODS_1_104,0,2.2072856
629,2016-05-08,FOODS_1_104,1,1.97919
630,2016-05-09,FOODS_1_104,1,1.6404495
631,2016-05-10,FOODS_1_104,4,1.4801962
632,2016-05-11,FOODS_1_104,1,1.4930713
633,2016-05-12,FOODS_1_104,0,1.7502958
634,2016-05-13,FOODS_1_104,0,2.0882745
635,2016-05-14,FOODS_1_104,1,2.2403564
636,2016-05-15,FOODS_1_104,7,1.9900343
637,2016-05-16,FOODS_1_104,1,1.6482856
638,2016-05-17,FOODS_1_104,1,1.503037
639,2016-05-18,FOODS_1_104,7,1.5503044
640,2016-05-19,FOODS_1_104,7,1.8293681
641,2016-05-20,FOODS_1_104,0,2.1468103
642,2016-05-21,FOODS_1_104,0,2.2472548
643,2016-05-22,FOODS_1_104,0,1.9574245
644,2016-04-25,FOODS_1_110,0,0.22342178
645,2016-04-26,FOODS_1_110,4,0.10024187
646,2016-04-27,FOODS_1_110,11,0.25108835
647,2016-04-28,FOODS_1_110,8,0.42891476
648,2016-04-29,FOODS_1_110,11,0.75051737
649,2016-04-30,FOODS_1_110,10,0.8205528
650,2016-05-01,FOODS_1_110,12,0.7045989
651,2016-05-02,FOODS_1_110,5,0.49383232
652,2016-05-03,FOODS_1_110,8,0.42961738
653,2016-05-04,FOODS_1_110,6,0.49655434
654,2016-05-05,FOODS_1_110,5,0.6590247
655,2016-05-06,FOODS_1_110,10,0.84210134
656,2016-05-07,FOODS_1_110,11,0.9364369
657,2016-05-08,FOODS_1_110,0,0.8030696
658,2016-05-09,FOODS_1_110,5,0.63743377
659,2016-05-10,FOODS_1_110,5,0.578413
660,2016-05-11,FOODS_1_110,5,0.6096449
661,2016-05-12,FOODS_1_110,3,0.7759485
662,2016-05-13,FOODS_1_110,4,0.95963264
663,2016-05-14,FOODS_1_110,4,1.0203192
664,2016-05-15,FOODS_1_110,1,0.91438246
665,2016-05-16,FOODS_1_110,1,0.77149296
666,2016-05-17,FOODS_1_110,9,0.67086196
667,2016-05-18,FOODS_1_110,9,0.7093339
668,2016-05-19,FOODS_1_110,7,0.86795616
669,2016-05-20,FOODS_1_110,10,1.0302203
670,2016-05-21,FOODS_1_110,7,1.0780015
671,2016-05-22,FOODS_1_110,8,0.9590268
672,2016-04-25,FOODS_1_112,1,2.2835073
673,2016-04-26,FOODS_1_112,2,1.9050117
674,2016-04-27,FOODS_1_112,2,1.9655924
675,2016-04-28,FOODS_1_112,2,2.2836664
676,2016-04-29,FOODS_1_112,1,2.8018928
677,2016-04-30,FOODS_1_112,2,3.12136
678,2016-05-01,FOODS_1_112,0,2.7405455
679,2016-05-02,FOODS_1_112,1,2.1382892
680,2016-05-03,FOODS_1_112,2,1.9290682
681,2016-05-04,FOODS_1_112,1,1.9671508
682,2016-05-05,FOODS_1_112,0,2.224754
683,2016-05-06,FOODS_1_112,1,2.7341359
684,2016-05-07,FOODS_1_112,0,3.03909
685,2016-05-08,FOODS_1_112,0,2.7120607
686,2016-05-09,FOODS_1_112,1,2.166533
687,2016-05-10,FOODS_1_112,1,1.9538829
688,2016-05-11,FOODS_1_112,1,1.9485023
689,2016-05-12,FOODS_1_112,3,2.2235818
690,2016-05-13,FOODS_1_112,2,2.7138784
691,2016-05-14,FOODS_1_112,0,2.9797614
692,2016-05-15,FOODS_1_112,2,2.6469405
693,2016-05-16,FOODS_1_112,1,2.123434
694,2016-05-17,FOODS_1_112,2,1.93163
695,2016-05-18,FOODS_1_112,2,1.9437937
696,2016-05-19,FOODS_1_112,1,2.257351
697,2016-05-20,FOODS_1_112,0,2.7311053
698,2016-05-21,FOODS_1_112,2,2.9915946
699,2016-05-22,FOODS_1_112,10,2.61956
700,2016-04-25,FOODS_1_113,9,0.37997505
701,2016-04-26,FOODS_1_113,6,0.36485955
702,2016-04-27,FOODS_1_113,3,0.46845958
703,2016-04-28,FOODS_1_113,7,0.72069526
704,2016-04-29,FOODS_1_113,8,0.97178626
705,2016-04-30,FOODS_1_113,5,1.0681243
706,2016-05-01,FOODS_1_113,1,0.87642884
707,2016-05-02,FOODS_1_113,2,0.63273454
708,2016-05-03,FOODS_1_113,2,0.5793128
709,2016-05-04,FOODS_1_113,1,0.6668229
710,2016-05-05,FOODS_1_113,0,0.80636716
711,2016-05-06,FOODS_1_113,0,1.0125017
712,2016-05-07,FOODS_1_113,0,1.1414232
713,2016-05-08,FOODS_1_113,0,1.0114591
714,2016-05-09,FOODS_1_113,9,0.78253293
715,2016-05-10,FOODS_1_113,0,0.6695552
716,2016-05-11,FOODS_1_113,2,0.77201796
717,2016-05-12,FOODS_1_113,6,0.9374802
718,2016-05-13,FOODS_1_113,13,1.1188262
719,2016-05-14,FOODS_1_113,7,1.170829
720,2016-05-15,FOODS_1_113,0,1.0876803
721,2016-05-16,FOODS_1_113,3,0.889853
722,2016-05-17,FOODS_1_113,2,0.8030212
723,2016-05-18,FOODS_1_113,1,0.858022
724,2016-05-19,FOODS_1_113,1,1.0099418
725,2016-05-20,FOODS_1_113,2,1.2373435
726,2016-05-21,FOODS_1_113,1,1.3254488
727,2016-05-22,FOODS_1_113,0,1.2360702
728,2016-04-25,FOODS_1_120,0,0.32368323
729,2016-04-26,FOODS_1_120,3,0.22784707
730,2016-04-27,FOODS_1_120,0,0.33356687
731,2016-04-28,FOODS_1_120,1,0.54632735
732,2016-04-29,FOODS_1_120,2,0.8217981
733,2016-04-30,FOODS_1_120,2,0.918864
734,2016-05-01,FOODS_1_120,2,0.7951474
735,2016-05-02,FOODS_1_120,1,0.6111059
736,2016-05-03,FOODS_1_120,0,0.502157
737,2016-05-04,FOODS_1_120,2,0.5386374
738,2016-05-05,FOODS_1_120,0,0.7074244
739,2016-05-06,FOODS_1_120,0,0.91330767
740,2016-05-07,FOODS_1_120,3,1.0376952
741,2016-05-08,FOODS_1_120,1,0.9461634
742,2016-05-09,FOODS_1_120,4,0.7377081
743,2016-05-10,FOODS_1_120,0,0.65182304
744,2016-05-11,FOODS_1_120,6,0.70605946
745,2016-05-12,FOODS_1_120,0,0.8593719
746,2016-05-13,FOODS_1_120,2,1.0611749
747,2016-05-14,FOODS_1_120,2,1.1128764
748,2016-05-15,FOODS_1_120,1,1.0268805
749,2016-05-16,FOODS_1_120,1,0.84220815
750,2016-05-17,FOODS_1_120,2,0.7884383
751,2016-05-18,FOODS_1_120,0,0.8268895
752,2016-05-19,FOODS_1_120,3,0.9660535
753,2016-05-20,FOODS_1_120,0,1.1272833
754,2016-05-21,FOODS_1_120,1,1.217027
755,2016-05-22,FOODS_1_120,1,1.115516
756,2016-04-25,FOODS_1_130,2,2.2086504
757,2016-04-26,FOODS_1_130,2,1.8021114
758,2016-04-27,FOODS_1_130,2,1.850845
759,2016-04-28,FOODS_1_130,3,2.1616576
760,2016-04-29,FOODS_1_130,1,2.665678
761,2016-04-30,FOODS_1_130,5,2.9741871
762,2016-05-01,FOODS_1_130,3,2.615971
763,2016-05-02,FOODS_1_130,5,2.0195093
764,2016-05-03,FOODS_1_130,2,1.8315988
765,2016-05-04,FOODS_1_130,2,1.8633736
766,2016-05-05,FOODS_1_130,6,2.146774
767,2016-05-06,FOODS_1_130,3,2.6012807
768,2016-05-07,FOODS_1_130,6,2.8964648
769,2016-05-08,FOODS_1_130,1,2.6153238
770,2016-05-09,FOODS_1_130,2,2.080817
771,2016-05-10,FOODS_1_130,0,1.8854526
772,2016-05-11,FOODS_1_130,0,1.8860514
773,2016-05-12,FOODS_1_130,0,2.1866336
774,2016-05-13,FOODS_1_130,2,2.651588
775,2016-05-14,FOODS_1_130,5,2.9212763
776,2016-05-15,FOODS_1_130,1,2.616088
777,2016-05-16,FOODS_1_130,2,2.0896976
778,2016-05-17,FOODS_1_130,1,1.8747343
779,2016-05-18,FOODS_1_130,3,1.8944991
780,2016-05-19,FOODS_1_130,2,2.196313
781,2016-05-20,FOODS_1_130,2,2.6716425
782,2016-05-21,FOODS_1_130,2,2.9516542
783,2016-05-22,FOODS_1_130,5,2.6074924
784,2016-04-25,FOODS_1_137,4,1.4473636
785,2016-04-26,FOODS_1_137,0,1.2379897
786,2016-04-27,FOODS_1_137,0,1.2818
787,2016-04-28,FOODS_1_137,0,1.5106738
788,2016-04-29,FOODS_1_137,7,1.8839612
789,2016-04-30,FOODS_1_137,6,2.1181724
790,2016-05-01,FOODS_1_137,4,1.8628023
791,2016-05-02,FOODS_1_137,1,1.4479163
792,2016-05-03,FOODS_1_137,2,1.2619116
793,2016-05-04,FOODS_1_137,4,1.2592154
794,2016-05-05,FOODS_1_137,0,1.5277195
795,2016-05-06,FOODS_1_137,0,1.8815463
796,2016-05-07,FOODS_1_137,0,2.1202085
797,2016-05-08,FOODS_1_137,0,1.9324951
798,2016-05-09,FOODS_1_137,0,1.5344429
799,2016-05-10,FOODS_1_137,0,1.3307521
800,2016-05-11,FOODS_1_137,0,1.3547909
801,2016-05-12,FOODS_1_137,0,1.538202
802,2016-05-13,FOODS_1_137,12,1.8503698
803,2016-05-14,FOODS_1_137,3,2.0632923
804,2016-05-15,FOODS_1_137,9,1.8871075
805,2016-05-16,FOODS_1_137,0,1.5442057
806,2016-05-17,FOODS_1_137,1,1.3805978
807,2016-05-18,FOODS_1_137,0,1.3684015
808,2016-05-19,FOODS_1_137,0,1.541796
809,2016-05-20,FOODS_1_137,0,1.8832303
810,2016-05-21,FOODS_1_137,0,2.121351
811,2016-05-22,FOODS_1_137,0,1.945702
812,2016-04-25,FOODS_1_139,1,3.9304986
813,2016-04-26,FOODS_1_139,3,3.5633435
814,2016-04-27,FOODS_1_139,2,3.6756077
815,2016-04-28,FOODS_1_139,8,4.2805505
816,2016-04-29,FOODS_1_139,5,5.357108
817,2016-04-30,FOODS_1_139,5,5.9860096
818,2016-05-01,FOODS_1_139,10,4.9147234
819,2016-05-02,FOODS_1_139,4,3.7112513
820,2016-05-03,FOODS_1_139,7,3.5193958
821,2016-05-04,FOODS_1_139,0,3.581675
822,2016-05-05,FOODS_1_139,8,4.1132445
823,2016-05-06,FOODS_1_139,5,5.1352553
824,2016-05-07,FOODS_1_139,1,5.7604823
825,2016-05-08,FOODS_1_139,0,4.856353
826,2016-05-09,FOODS_1_139,0,3.7023115
827,2016-05-10,FOODS_1_139,0,3.5030756
828,2016-05-11,FOODS_1_139,0,3.556962
829,2016-05-12,FOODS_1_139,0,4.0986805
830,2016-05-13,FOODS_1_139,3,5.1058393
831,2016-05-14,FOODS_1_139,4,5.6924534
832,2016-05-15,FOODS_1_139,6,4.8321204
833,2016-05-16,FOODS_1_139,1,3.7524602
834,2016-05-17,FOODS_1_139,3,3.521268
835,2016-05-18,FOODS_1_139,0,3.5551324
836,2016-05-19,FOODS_1_139,5,4.076363
837,2016-05-20,FOODS_1_139,6,5.0792403
838,2016-05-21,FOODS_1_139,4,5.6887093
839,2016-05-22,FOODS_1_139,10,4.8392534
840,2016-04-25,FOODS_1_153,0,3.0655746
841,2016-04-26,FOODS_1_153,2,2.635249
842,2016-04-27,FOODS_1_153,0,2.6352332
843,2016-04-28,FOODS_1_153,0,2.9979067
844,2016-04-29,FOODS_1_153,0,3.6958444
845,2016-04-30,FOODS_1_153,1,4.1486373
846,2016-05-01,FOODS_1_153,3,3.5946305
847,2016-05-02,FOODS_1_153,4,2.7983665
848,2016-05-03,FOODS_1_153,7,2.5584617
849,2016-05-04,FOODS_1_153,2,2.5671828
850,2016-05-05,FOODS_1_153,8,2.9207456
851,2016-05-06,FOODS_1_153,0,3.5648103
852,2016-05-07,FOODS_1_153,0,3.9893413
853,2016-05-08,FOODS_1_153,0,3.50162
854,2016-05-09,FOODS_1_153,0,2.7843215
855,2016-05-10,FOODS_1_153,5,2.529841
856,2016-05-11,FOODS_1_153,4,2.5319421
857,2016-05-12,FOODS_1_153,3,2.9046087
858,2016-05-13,FOODS_1_153,1,3.5452576
859,2016-05-14,FOODS_1_153,4,3.9416614
860,2016-05-15,FOODS_1_153,2,3.473342
861,2016-05-16,FOODS_1_153,6,2.7619605
862,2016-05-17,FOODS_1_153,3,2.5255954
863,2016-05-18,FOODS_1_153,3,2.5608008
864,2016-05-19,FOODS_1_153,6,2.9110742
865,2016-05-20,FOODS_1_153,3,3.5505733
866,2016-05-21,FOODS_1_153,0,3.9265928
867,2016-05-22,FOODS_1_153,0,3.4398952
868,2016-04-25,FOODS_1_154,3,2.0018306
869,2016-04-26,FOODS_1_154,1,2.002506
870,2016-04-27,FOODS_1_154,9,2.1252246
871,2016-04-28,FOODS_1_154,2,2.4941478
872,2016-04-29,FOODS_1_154,0,3.0791328
873,2016-04-30,FOODS_1_154,0,3.3571348
874,2016-05-01,FOODS_1_154,0,2.7981815
875,2016-05-02,FOODS_1_154,2,2.2041361
876,2016-05-03,FOODS_1_154,2,2.0842364
877,2016-05-04,FOODS_1_154,3,2.1591249
878,2016-05-05,FOODS_1_154,2,2.5427086
879,2016-05-06,FOODS_1_154,0,3.105763
880,2016-05-07,FOODS_1_154,3,3.382867
881,2016-05-08,FOODS_1_154,6,2.892004
882,2016-05-09,FOODS_1_154,6,2.316254
883,2016-05-10,FOODS_1_154,6,2.168911
884,2016-05-11,FOODS_1_154,4,2.2172682
885,2016-05-12,FOODS_1_154,1,2.6056254
886,2016-05-13,FOODS_1_154,2,3.201724
887,2016-05-14,FOODS_1_154,6,3.4732077
888,2016-05-15,FOODS_1_154,0,2.934217
889,2016-05-16,FOODS_1_154,5,2.368742
890,2016-05-17,FOODS_1_154,2,2.2129345
891,2016-05-18,FOODS_1_154,0,2.2944734
892,2016-05-19,FOODS_1_154,0,2.7030623
893,2016-05-20,FOODS_1_154,1,3.3155596
894,2016-05-21,FOODS_1_154,0,3.566045
895,2016-05-22,FOODS_1_154,0,2.9933317
896,2016-04-25,FOODS_1_161,3,2.8259542
897,2016-04-26,FOODS_1_161,1,2.6760447
898,2016-04-27,FOODS_1_161,0,2.8361604
899,2016-04-28,FOODS_1_161,1,3.3647778
900,2016-04-29,FOODS_1_161,1,4.300472
901,2016-04-30,FOODS_1_161,1,4.887654
902,2016-05-01,FOODS_1_161,1,4.0030346
903,2016-05-02,FOODS_1_161,0,3.0571346
904,2016-05-03,FOODS_1_161,0,2.9657304
905,2016-05-04,FOODS_1_161,2,3.1026516
906,2016-05-05,FOODS_1_161,0,3.6610947
907,2016-05-06,FOODS_1_161,3,4.6544642
908,2016-05-07,FOODS_1_161,5,5.238143
909,2016-05-08,FOODS_1_161,4,4.31759
910,2016-05-09,FOODS_1_161,1,3.3036234
911,2016-05-10,FOODS_1_161,1,3.1779597
912,2016-05-11,FOODS_1_161,0,3.307072
913,2016-05-12,FOODS_1_161,5,3.9143994
914,2016-05-13,FOODS_1_161,1,5.00203
915,2016-05-14,FOODS_1_161,1,5.613253
916,2016-05-15,FOODS_1_161,8,4.5995355
917,2016-05-16,FOODS_1_161,3,3.544347
918,2016-05-17,FOODS_1_161,1,3.384755
919,2016-05-18,FOODS_1_161,4,3.5018048
920,2016-05-19,FOODS_1_161,1,4.1396465
921,2016-05-20,FOODS_1_161,2,5.2900195
922,2016-05-21,FOODS_1_161,0,5.9271445
923,2016-05-22,FOODS_1_161,3,4.894256
924,2016-04-25,FOODS_1_162,1,2.8784406
925,2016-04-26,FOODS_1_162,5,2.5744734
926,2016-04-27,FOODS_1_162,3,2.588446
927,2016-04-28,FOODS_1_162,1,2.9409535
928,2016-04-29,FOODS_1_162,2,3.5898783
929,2016-04-30,FOODS_1_162,6,3.9667907
930,2016-05-01,FOODS_1_162,2,3.3913202
931,2016-05-02,FOODS_1_162,0,2.6646516
932,2016-05-03,FOODS_1_162,2,2.4508798
933,2016-05-04,FOODS_1_162,5,2.4821932
934,2016-05-05,FOODS_1_162,4,2.8123837
935,2016-05-06,FOODS_1_162,7,3.413616
936,2016-05-07,FOODS_1_162,5,3.767001
937,2016-05-08,FOODS_1_162,2,3.3068368
938,2016-05-09,FOODS_1_162,1,2.6349533
939,2016-05-10,FOODS_1_162,3,2.437452
940,2016-05-11,FOODS_1_162,2,2.44534
941,2016-05-12,FOODS_1_162,6,2.7936444
942,2016-05-13,FOODS_1_162,2,3.4022272
943,2016-05-14,FOODS_1_162,3,3.760403
944,2016-05-15,FOODS_1_162,3,3.3002539
945,2016-05-16,FOODS_1_162,2,2.6430354
946,2016-05-17,FOODS_1_162,1,2.44095
947,2016-05-18,FOODS_1_162,4,2.4367611
948,2016-05-19,FOODS_1_162,2,2.7691312
949,2016-05-20,FOODS_1_162,3,3.3656752
950,2016-05-21,FOODS_1_162,4,3.7188509
951,2016-05-22,FOODS_1_162,1,3.2756557
952,2016-04-25,FOODS_1_163,0,0.59698725
953,2016-04-26,FOODS_1_163,2,0.5816934
954,2016-04-27,FOODS_1_163,0,0.6612282
955,2016-04-28,FOODS_1_163,0,0.9812119
956,2016-04-29,FOODS_1_163,1,1.3351977
957,2016-04-30,FOODS_1_163,0,1.4372551
958,2016-05-01,FOODS_1_163,2,1.2277935
959,2016-05-02,FOODS_1_163,0,0.91746116
960,2016-05-03,FOODS_1_163,0,0.80661726
961,2016-05-04,FOODS_1_163,0,0.91757846
962,2016-05-05,FOODS_1_163,0,1.1170805
963,2016-05-06,FOODS_1_163,0,1.359617
964,2016-05-07,FOODS_1_163,1,1.5302663
965,2016-05-08,FOODS_1_163,0,1.3741989
966,2016-05-09,FOODS_1_163,1,1.0899432
967,2016-05-10,FOODS_1_163,1,0.9772093
968,2016-05-11,FOODS_1_163,0,1.0015461
969,2016-05-12,FOODS_1_163,0,1.2136319
970,2016-05-13,FOODS_1_163,0,1.4834301
971,2016-05-14,FOODS_1_163,0,1.6321564
972,2016-05-15,FOODS_1_163,0,1.4660628
973,2016-05-16,FOODS_1_163,0,1.1788535
974,2016-05-17,FOODS_1_163,0,1.0602622
975,2016-05-18,FOODS_1_163,0,1.0840669
976,2016-05-19,FOODS_1_163,0,1.2767837
977,2016-05-20,FOODS_1_163,1,1.5170324
978,2016-05-21,FOODS_1_163,1,1.6781682
979,2016-05-22,FOODS_1_163,0,1.5187919
980,2016-04-25,FOODS_1_166,1,2.01414
981,2016-04-26,FOODS_1_166,1,1.8279555
982,2016-04-27,FOODS_1_166,0,1.8816396
983,2016-04-28,FOODS_1_166,4,2.1950977
984,2016-04-29,FOODS_1_166,1,2.7193773
985,2016-04-30,FOODS_1_166,5,2.996488
986,2016-05-01,FOODS_1_166,3,2.5973337
987,2016-05-02,FOODS_1_166,1,2.0770667
988,2016-05-03,FOODS_1_166,2,1.9099364
989,2016-05-04,FOODS_1_166,1,1.9116333
990,2016-05-05,FOODS_1_166,0,2.2411568
991,2016-05-06,FOODS_1_166,3,2.732472
992,2016-05-07,FOODS_1_166,2,2.959287
993,2016-05-08,FOODS_1_166,2,2.618092
994,2016-05-09,FOODS_1_166,1,2.1321306
995,2016-05-10,FOODS_1_166,5,1.9417126
996,2016-05-11,FOODS_1_166,1,1.9491936
997,2016-05-12,FOODS_1_166,1,2.2901382
998,2016-05-13,FOODS_1_166,1,2.7708037
999,2016-05-14,FOODS_1_166,4,3.0032003
1000,2016-05-15,FOODS_1_166,1,2.6479113
1001,2016-05-16,FOODS_1_166,1,2.1557155
1002,2016-05-17,FOODS_1_166,2,1.9567027
1003,2016-05-18,FOODS_1_166,2,1.9843875
1004,2016-05-19,FOODS_1_166,1,2.3182309
1005,2016-05-20,FOODS_1_166,6,2.8036153
1006,2016-05-21,FOODS_1_166,0,3.0247958
1007,2016-05-22,FOODS_1_166,4,2.663496
1008,2016-04-25,FOODS_1_170,1,1.2582455
1009,2016-04-26,FOODS_1_170,7,1.0894995
1010,2016-04-27,FOODS_1_170,0,1.0983112
1011,2016-04-28,FOODS_1_170,3,1.238899
1012,2016-04-29,FOODS_1_170,6,1.4949629
1013,2016-04-30,FOODS_1_170,1,1.6226232
1014,2016-05-01,FOODS_1_170,6,1.5273051
1015,2016-05-02,FOODS_1_170,5,1.2828813
1016,2016-05-03,FOODS_1_170,1,1.1289885
1017,2016-05-04,FOODS_1_170,0,1.1079731
1018,2016-05-05,FOODS_1_170,0,1.2129588
1019,2016-05-06,FOODS_1_170,0,1.4502182
1020,2016-05-07,FOODS_1_170,1,1.5967307
1021,2016-05-08,FOODS_1_170,0,1.5456674
1022,2016-05-09,FOODS_1_170,6,1.3212655
1023,2016-05-10,FOODS_1_170,6,1.194727
1024,2016-05-11,FOODS_1_170,5,1.173924
1025,2016-05-12,FOODS_1_170,2,1.3204391
1026,2016-05-13,FOODS_1_170,2,1.5278828
1027,2016-05-14,FOODS_1_170,7,1.6371553
1028,2016-05-15,FOODS_1_170,6,1.5642881
1029,2016-05-16,FOODS_1_170,4,1.3528683
1030,2016-05-17,FOODS_1_170,1,1.2366991
1031,2016-05-18,FOODS_1_170,0,1.2478733
1032,2016-05-19,FOODS_1_170,3,1.3881938
1033,2016-05-20,FOODS_1_170,2,1.5691152
1034,2016-05-21,FOODS_1_170,9,1.6345699
1035,2016-05-22,FOODS_1_170,0,1.527581
1036,2016-04-25,FOODS_1_172,3,1.9134178
1037,2016-04-26,FOODS_1_172,0,1.7479806
1038,2016-04-27,FOODS_1_172,2,1.8075426
1039,2016-04-28,FOODS_1_172,2,2.089437
1040,2016-04-29,FOODS_1_172,7,2.6128795
1041,2016-04-30,FOODS_1_172,2,2.915585
1042,2016-05-01,FOODS_1_172,4,2.5482671
1043,2016-05-02,FOODS_1_172,4,2.007694
1044,2016-05-03,FOODS_1_172,2,1.8337356
1045,2016-05-04,FOODS_1_172,2,1.8522198
1046,2016-05-05,FOODS_1_172,1,2.1221218
1047,2016-05-06,FOODS_1_172,2,2.5769188
1048,2016-05-07,FOODS_1_172,2,2.8610985
1049,2016-05-08,FOODS_1_172,2,2.5693228
1050,2016-05-09,FOODS_1_172,0,2.0555706
1051,2016-05-10,FOODS_1_172,1,1.8463681
1052,2016-05-11,FOODS_1_172,2,1.8825214
1053,2016-05-12,FOODS_1_172,2,2.1850855
1054,2016-05-13,FOODS_1_172,1,2.6435795
1055,2016-05-14,FOODS_1_172,4,2.9083319
1056,2016-05-15,FOODS_1_172,1,2.6075003
1057,2016-05-16,FOODS_1_172,2,2.099084
1058,2016-05-17,FOODS_1_172,2,1.8745986
1059,2016-05-18,FOODS_1_172,1,1.8923469
1060,2016-05-19,FOODS_1_172,1,2.1485498
1061,2016-05-20,FOODS_1_172,0,2.6235275
1062,2016-05-21,FOODS_1_172,0,2.9356022
1063,2016-05-22,FOODS_1_172,2,2.613889
1064,2016-04-25,FOODS_1_173,2,2.8110888
1065,2016-04-26,FOODS_1_173,0,2.5575223
1066,2016-04-27,FOODS_1_173,5,2.5893238
1067,2016-04-28,FOODS_1_173,2,2.9270725
1068,2016-04-29,FOODS_1_173,6,3.5780003
1069,2016-04-30,FOODS_1_173,7,4.0494556
1070,2016-05-01,FOODS_1_173,2,3.522573
1071,2016-05-02,FOODS_1_173,0,2.751319
1072,2016-05-03,FOODS_1_173,3,2.5160356
1073,2016-05-04,FOODS_1_173,5,2.5253096
1074,2016-05-05,FOODS_1_173,1,2.8329446
1075,2016-05-06,FOODS_1_173,7,3.4656262
1076,2016-05-07,FOODS_1_173,16,3.9065316
1077,2016-05-08,FOODS_1_173,9,3.4613383
1078,2016-05-09,FOODS_1_173,2,2.7431424
1079,2016-05-10,FOODS_1_173,4,2.5080419
1080,2016-05-11,FOODS_1_173,3,2.5010333
1081,2016-05-12,FOODS_1_173,2,2.808539
1082,2016-05-13,FOODS_1_173,4,3.4245954
1083,2016-05-14,FOODS_1_173,3,3.8541028
1084,2016-05-15,FOODS_1_173,5,3.4324465
1085,2016-05-16,FOODS_1_173,1,2.720984
1086,2016-05-17,FOODS_1_173,2,2.4825792
1087,2016-05-18,FOODS_1_173,1,2.4819572
1088,2016-05-19,FOODS_1_173,13,2.8055491
1089,2016-05-20,FOODS_1_173,2,3.4136713
1090,2016-05-21,FOODS_1_173,3,3.8413646
1091,2016-05-22,FOODS_1_173,0,3.414406
1092,2016-04-25,FOODS_1_181,3,2.4165058
1093,2016-04-26,FOODS_1_181,3,2.2905004
1094,2016-04-27,FOODS_1_181,2,2.418294
1095,2016-04-28,FOODS_1_181,2,2.9041176
1096,2016-04-29,FOODS_1_181,2,3.6300619
1097,2016-04-30,FOODS_1_181,1,3.9646876
1098,2016-05-01,FOODS_1_181,4,3.2714415
1099,2016-05-02,FOODS_1_181,3,2.5660677
1100,2016-05-03,FOODS_1_181,1,2.4006627
1101,2016-05-04,FOODS_1_181,3,2.4823747
1102,2016-05-05,FOODS_1_181,6,2.9404876
1103,2016-05-06,FOODS_1_181,5,3.653459
1104,2016-05-07,FOODS_1_181,4,3.9895976
1105,2016-05-08,FOODS_1_181,5,3.3397908
1106,2016-05-09,FOODS_1_181,1,2.658306
1107,2016-05-10,FOODS_1_181,4,2.4573321
1108,2016-05-11,FOODS_1_181,5,2.5220573
1109,2016-05-12,FOODS_1_181,2,2.978191
1110,2016-05-13,FOODS_1_181,5,3.7360992
1111,2016-05-14,FOODS_1_181,2,4.0865808
1112,2016-05-15,FOODS_1_181,4,3.4536424
1113,2016-05-16,FOODS_1_181,4,2.7329848
1114,2016-05-17,FOODS_1_181,0,2.5430217
1115,2016-05-18,FOODS_1_181,2,2.5950549
1116,2016-05-19,FOODS_1_181,5,3.0667007
1117,2016-05-20,FOODS_1_181,2,3.8045564
1118,2016-05-21,FOODS_1_181,8,4.1788936
1119,2016-05-22,FOODS_1_181,6,3.5354474
1120,2016-04-25,FOODS_1_183,3,2.7665138
1121,2016-04-26,FOODS_1_183,0,2.2862537
1122,2016-04-27,FOODS_1_183,0,2.2417278
1123,2016-04-28,FOODS_1_183,0,2.4914556
1124,2016-04-29,FOODS_1_183,0,3.0251572
1125,2016-04-30,FOODS_1_183,4,3.4235187
1126,2016-05-01,FOODS_1_183,3,3.1167703
1127,2016-05-02,FOODS_1_183,1,2.4908166
1128,2016-05-03,FOODS_1_183,1,2.2171144
1129,2016-05-04,FOODS_1_183,1,2.1746016
1130,2016-05-05,FOODS_1_183,1,2.412408
1131,2016-05-06,FOODS_1_183,1,2.881182
1132,2016-05-07,FOODS_1_183,3,3.269262
1133,2016-05-08,FOODS_1_183,5,3.043153
1134,2016-05-09,FOODS_1_183,2,2.4759119
1135,2016-05-10,FOODS_1_183,0,2.2203715
1136,2016-05-11,FOODS_1_183,0,2.1541486
1137,2016-05-12,FOODS_1_183,1,2.3748295
1138,2016-05-13,FOODS_1_183,1,2.837438
1139,2016-05-14,FOODS_1_183,3,3.2301862
1140,2016-05-15,FOODS_1_183,7,3.022054
1141,2016-05-16,FOODS_1_183,3,2.4755054
1142,2016-05-17,FOODS_1_183,2,2.2006469
1143,2016-05-18,FOODS_1_183,1,2.1187797
1144,2016-05-19,FOODS_1_183,0,2.316173
1145,2016-05-20,FOODS_1_183,3,2.8090193
1146,2016-05-21,FOODS_1_183,3,3.159973
1147,2016-05-22,FOODS_1_183,3,2.958688
1148,2016-04-25,FOODS_1_184,2,1.7264636
1149,2016-04-26,FOODS_1_184,1,1.6261687
1150,2016-04-27,FOODS_1_184,1,1.6980673
1151,2016-04-28,FOODS_1_184,2,2.00288
1152,2016-04-29,FOODS_1_184,0,2.5253258
1153,2016-04-30,FOODS_1_184,1,2.819647
1154,2016-05-01,FOODS_1_184,3,2.425344
1155,2016-05-02,FOODS_1_184,0,1.8320047
1156,2016-05-03,FOODS_1_184,1,1.6081612
1157,2016-05-04,FOODS_1_184,0,1.6525694
1158,2016-05-05,FOODS_1_184,0,1.9299533
1159,2016-05-06,FOODS_1_184,0,2.4022074
1160,2016-05-07,FOODS_1_184,0,2.716657
1161,2016-05-08,FOODS_1_184,0,2.447562
1162,2016-05-09,FOODS_1_184,3,1.8880186
1163,2016-05-10,FOODS_1_184,1,1.6902624
1164,2016-05-11,FOODS_1_184,0,1.680667
1165,2016-05-12,FOODS_1_184,1,1.9475085
1166,2016-05-13,FOODS_1_184,1,2.4014928
1167,2016-05-14,FOODS_1_184,2,2.7218926
1168,2016-05-15,FOODS_1_184,2,2.5027616
1169,2016-05-16,FOODS_1_184,0,1.9653453
1170,2016-05-17,FOODS_1_184,1,1.7049145
1171,2016-05-18,FOODS_1_184,3,1.7055776
1172,2016-05-19,FOODS_1_184,0,1.9604138
1173,2016-05-20,FOODS_1_184,1,2.386467
1174,2016-05-21,FOODS_1_184,2,2.743913
1175,2016-05-22,FOODS_1_184,3,2.5687833
1176,2016-04-25,FOODS_1_194,1,1.6083214
1177,2016-04-26,FOODS_1_194,0,1.5562553
1178,2016-04-27,FOODS_1_194,1,1.565898
1179,2016-04-28,FOODS_1_194,1,1.7369915
1180,2016-04-29,FOODS_1_194,0,2.0419378
1181,2016-04-30,FOODS_1_194,3,2.2443595
1182,2016-05-01,FOODS_1_194,4,2.0883362
1183,2016-05-02,FOODS_1_194,5,1.7725081
1184,2016-05-03,FOODS_1_194,2,1.5792186
1185,2016-05-04,FOODS_1_194,0,1.6068327
1186,2016-05-05,FOODS_1_194,0,1.7911673
1187,2016-05-06,FOODS_1_194,1,2.121595
1188,2016-05-07,FOODS_1_194,2,2.3173018
1189,2016-05-08,FOODS_1_194,1,2.1556776
1190,2016-05-09,FOODS_1_194,2,1.8580872
1191,2016-05-10,FOODS_1_194,0,1.6792915
1192,2016-05-11,FOODS_1_194,0,1.7068075
1193,2016-05-12,FOODS_1_194,1,1.9186778
1194,2016-05-13,FOODS_1_194,1,2.235979
1195,2016-05-14,FOODS_1_194,1,2.377464
1196,2016-05-15,FOODS_1_194,3,2.1784494
1197,2016-05-16,FOODS_1_194,0,1.8989265
1198,2016-05-17,FOODS_1_194,3,1.7369516
1199,2016-05-18,FOODS_1_194,2,1.7606018
1200,2016-05-19,FOODS_1_194,6,2.009527
1201,2016-05-20,FOODS_1_194,5,2.307119
1202,2016-05-21,FOODS_1_194,5,2.44483
1203,2016-05-22,FOODS_1_194,6,2.2213209
1204,2016-04-25,FOODS_1_200,2,7.0748267
1205,2016-04-26,FOODS_1_200,8,6.061496
1206,2016-04-27,FOODS_1_200,7,6.0804996
1207,2016-04-28,FOODS_1_200,8,6.913449
1208,2016-04-29,FOODS_1_200,11,8.740788
1209,2016-04-30,FOODS_1_200,11,9.992944
1210,2016-05-01,FOODS_1_200,8,8.639991
1211,2016-05-02,FOODS_1_200,4,6.358629
1212,2016-05-03,FOODS_1_200,6,5.91188
1213,2016-05-04,FOODS_1_200,12,5.865026
1214,2016-05-05,FOODS_1_200,7,6.6403255
1215,2016-05-06,FOODS_1_200,6,8.489231
1216,2016-05-07,FOODS_1_200,4,9.825268
1217,2016-05-08,FOODS_1_200,10,8.396695
1218,2016-05-09,FOODS_1_200,4,6.2834353
1219,2016-05-10,FOODS_1_200,7,5.8974404
1220,2016-05-11,FOODS_1_200,7,5.8695264
1221,2016-05-12,FOODS_1_200,3,6.6427236
1222,2016-05-13,FOODS_1_200,13,8.487788
1223,2016-05-14,FOODS_1_200,10,9.7560835
1224,2016-05-15,FOODS_1_200,8,8.219268
1225,2016-05-16,FOODS_1_200,4,6.163594
1226,2016-05-17,FOODS_1_200,1,5.80237
1227,2016-05-18,FOODS_1_200,8,5.8192105
1228,2016-05-19,FOODS_1_200,6,6.7123394
1229,2016-05-20,FOODS_1_200,9,8.459963
1230,2016-05-21,FOODS_1_200,18,9.56468
1231,2016-05-22,FOODS_1_200,5,8.031216
1232,2016-04-25,FOODS_1_201,0,1.9102752
1233,2016-04-26,FOODS_1_201,2,1.7470889
1234,2016-04-27,FOODS_1_201,2,1.773954
1235,2016-04-28,FOODS_1_201,1,2.0506933
1236,2016-04-29,FOODS_1_201,1,2.505522
1237,2016-04-30,FOODS_1_201,5,2.8132422
1238,2016-05-01,FOODS_1_201,2,2.545418
1239,2016-05-02,FOODS_1_201,4,2.0352442
1240,2016-05-03,FOODS_1_201,3,1.8110516
1241,2016-05-04,FOODS_1_201,3,1.8240477
1242,2016-05-05,FOODS_1_201,5,2.0417295
1243,2016-05-06,FOODS_1_201,3,2.4965844
1244,2016-05-07,FOODS_1_201,1,2.7927551
1245,2016-05-08,FOODS_1_201,0,2.5664618
1246,2016-05-09,FOODS_1_201,1,2.0777633
1247,2016-05-10,FOODS_1_201,9,1.8675164
1248,2016-05-11,FOODS_1_201,4,1.831512
1249,2016-05-12,FOODS_1_201,2,2.0538476
1250,2016-05-13,FOODS_1_201,3,2.4610574
1251,2016-05-14,FOODS_1_201,4,2.781193
1252,2016-05-15,FOODS_1_201,2,2.567324
1253,2016-05-16,FOODS_1_201,2,2.0928564
1254,2016-05-17,FOODS_1_201,1,1.8772019
1255,2016-05-18,FOODS_1_201,1,1.8520691
1256,2016-05-19,FOODS_1_201,1,2.0713105
1257,2016-05-20,FOODS_1_201,2,2.5052996
1258,2016-05-21,FOODS_1_201,3,2.8152115
1259,2016-05-22,FOODS_1_201,1,2.6359994
1260,2016-04-25,FOODS_1_204,3,3.4489481
1261,2016-04-26,FOODS_1_204,3,2.876896
1262,2016-04-27,FOODS_1_204,3,2.8850818
1263,2016-04-28,FOODS_1_204,6,3.2897525
1264,2016-04-29,FOODS_1_204,7,4.0863585
1265,2016-04-30,FOODS_1_204,4,4.66132
1266,2016-05-01,FOODS_1_204,2,4.1247926
1267,2016-05-02,FOODS_1_204,0,3.1378639
1268,2016-05-03,FOODS_1_204,2,2.8463335
1269,2016-05-04,FOODS_1_204,2,2.8480504
1270,2016-05-05,FOODS_1_204,4,3.2232625
1271,2016-05-06,FOODS_1_204,7,3.9868197
1272,2016-05-07,FOODS_1_204,0,4.5965405
1273,2016-05-08,FOODS_1_204,2,4.2008634
1274,2016-05-09,FOODS_1_204,0,3.2339902
1275,2016-05-10,FOODS_1_204,0,2.903221
1276,2016-05-11,FOODS_1_204,1,2.8667104
1277,2016-05-12,FOODS_1_204,0,3.1916158
1278,2016-05-13,FOODS_1_204,1,3.9448404
1279,2016-05-14,FOODS_1_204,2,4.6009774
1280,2016-05-15,FOODS_1_204,3,4.2768836
1281,2016-05-16,FOODS_1_204,1,3.319464
1282,2016-05-17,FOODS_1_204,0,2.9312723
1283,2016-05-18,FOODS_1_204,0,2.880089
1284,2016-05-19,FOODS_1_204,0,3.180256
1285,2016-05-20,FOODS_1_204,1,3.9195237
1286,2016-05-21,FOODS_1_204,1,4.6377983
1287,2016-05-22,FOODS_1_204,0,4.367174
1288,2016-04-25,FOODS_1_206,2,1.9357243
1289,2016-04-26,FOODS_1_206,2,1.8620977
1290,2016-04-27,FOODS_1_206,2,1.8995981
1291,2016-04-28,FOODS_1_206,5,2.1819112
1292,2016-04-29,FOODS_1_206,0,2.6847215
1293,2016-04-30,FOODS_1_206,3,3.0030906
1294,2016-05-01,FOODS_1_206,1,2.6308188
1295,2016-05-02,FOODS_1_206,1,2.0857463
1296,2016-05-03,FOODS_1_206,1,1.887357
1297,2016-05-04,FOODS_1_206,1,1.8901726
1298,2016-05-05,FOODS_1_206,1,2.162065
1299,2016-05-06,FOODS_1_206,0,2.649818
1300,2016-05-07,FOODS_1_206,4,2.9579365
1301,2016-05-08,FOODS_1_206,3,2.6662817
1302,2016-05-09,FOODS_1_206,2,2.164257
1303,2016-05-10,FOODS_1_206,7,1.94901
1304,2016-05-11,FOODS_1_206,3,1.9231125
1305,2016-05-12,FOODS_1_206,0,2.2011347
1306,2016-05-13,FOODS_1_206,4,2.6773148
1307,2016-05-14,FOODS_1_206,7,2.9796948
1308,2016-05-15,FOODS_1_206,0,2.6958761
1309,2016-05-16,FOODS_1_206,3,2.178803
1310,2016-05-17,FOODS_1_206,0,1.944797
1311,2016-05-18,FOODS_1_206,6,1.9593132
1312,2016-05-19,FOODS_1_206,3,2.2243161
1313,2016-05-20,FOODS_1_206,4,2.671393
1314,2016-05-21,FOODS_1_206,6,2.9962265
1315,2016-05-22,FOODS_1_206,4,2.7383244
1316,2016-04-25,FOODS_1_217,5,2.5041053
1317,2016-04-26,FOODS_1_217,0,2.2763054
1318,2016-04-27,FOODS_1_217,3,2.2994924
1319,2016-04-28,FOODS_1_217,1,2.563851
1320,2016-04-29,FOODS_1_217,1,3.0627682
1321,2016-04-30,FOODS_1_217,6,3.3930624
1322,2016-05-01,FOODS_1_217,3,3.061662
1323,2016-05-02,FOODS_1_217,3,2.5127542
1324,2016-05-03,FOODS_1_217,0,2.2551928
1325,2016-05-04,FOODS_1_217,7,2.260765
1326,2016-05-05,FOODS_1_217,4,2.5256455
1327,2016-05-06,FOODS_1_217,7,3.0112438
1328,2016-05-07,FOODS_1_217,6,3.3134131
1329,2016-05-08,FOODS_1_217,2,3.02156
1330,2016-05-09,FOODS_1_217,1,2.5227184
1331,2016-05-10,FOODS_1_217,1,2.2796938
1332,2016-05-11,FOODS_1_217,2,2.2701304
1333,2016-05-12,FOODS_1_217,0,2.5442524
1334,2016-05-13,FOODS_1_217,0,3.0393956
1335,2016-05-14,FOODS_1_217,4,3.3466258
1336,2016-05-15,FOODS_1_217,2,3.0434577
1337,2016-05-16,FOODS_1_217,0,2.5512707
1338,2016-05-17,FOODS_1_217,3,2.301625
1339,2016-05-18,FOODS_1_217,3,2.2779334
1340,2016-05-19,FOODS_1_217,9,2.577148
1341,2016-05-20,FOODS_1_217,6,3.0573702
1342,2016-05-21,FOODS_1_217,0,3.3529222
1343,2016-05-22,FOODS_1_217,1,3.0480998
1344,2016-04-25,FOODS_1_218,9,6.377416
1345,2016-04-26,FOODS_1_218,6,5.7836146
1346,2016-04-27,FOODS_1_218,4,5.875305
1347,2016-04-28,FOODS_1_218,13,6.7593927
1348,2016-04-29,FOODS_1_218,6,8.553193
1349,2016-04-30,FOODS_1_218,10,9.620201
1350,2016-05-01,FOODS_1_218,9,8.108411
1351,2016-05-02,FOODS_1_218,9,6.112191
1352,2016-05-03,FOODS_1_218,16,5.805495
1353,2016-05-04,FOODS_1_218,13,5.8253093
1354,2016-05-05,FOODS_1_218,13,6.721607
1355,2016-05-06,FOODS_1_218,18,8.569349
1356,2016-05-07,FOODS_1_218,16,9.654051
1357,2016-05-08,FOODS_1_218,16,8.029502
1358,2016-05-09,FOODS_1_218,5,6.1175513
1359,2016-05-10,FOODS_1_218,3,5.809263
1360,2016-05-11,FOODS_1_218,4,5.8553042
1361,2016-05-12,FOODS_1_218,14,6.744737
1362,2016-05-13,FOODS_1_218,13,8.509514
1363,2016-05-14,FOODS_1_218,27,9.52966
1364,2016-05-15,FOODS_1_218,6,7.932878
1365,2016-05-16,FOODS_1_218,2,6.0572577
1366,2016-05-17,FOODS_1_218,12,5.7905517
1367,2016-05-18,FOODS_1_218,15,5.8480616
1368,2016-05-19,FOODS_1_218,2,6.752265
1369,2016-05-20,FOODS_1_218,3,8.502782
1370,2016-05-21,FOODS_1_218,4,9.537472
1371,2016-05-22,FOODS_1_218,1,7.9268208
1372,2016-04-25,FOODS_1_219,1,2.2421863
1373,2016-04-26,FOODS_1_219,3,2.1510236
1374,2016-04-27,FOODS_1_219,3,2.2233934
1375,2016-04-28,FOODS_1_219,3,2.5951595
1376,2016-04-29,FOODS_1_219,3,3.130119
1377,2016-04-30,FOODS_1_219,3,3.4553924
1378,2016-05-01,FOODS_1_219,5,3.0056648
1379,2016-05-02,FOODS_1_219,4,2.4323444
1380,2016-05-03,FOODS_1_219,3,2.2577744
1381,2016-05-04,FOODS_1_219,1,2.2971485
1382,2016-05-05,FOODS_1_219,0,2.6269963
1383,2016-05-06,FOODS_1_219,2,3.1722746
1384,2016-05-07,FOODS_1_219,7,3.492506
1385,2016-05-08,FOODS_1_219,2,3.1075118
1386,2016-05-09,FOODS_1_219,5,2.5198784
1387,2016-05-10,FOODS_1_219,2,2.2844658
1388,2016-05-11,FOODS_1_219,4,2.283369
1389,2016-05-12,FOODS_1_219,1,2.6132016
1390,2016-05-13,FOODS_1_219,2,3.1718855
1391,2016-05-14,FOODS_1_219,5,3.5286186
1392,2016-05-15,FOODS_1_219,4,3.1529589
1393,2016-05-16,FOODS_1_219,2,2.5623486
1394,2016-05-17,FOODS_1_219,1,2.3082361
1395,2016-05-18,FOODS_1_219,2,2.3353798
1396,2016-05-19,FOODS_1_219,5,2.638613
1397,2016-05-20,FOODS_1_219,4,3.203451
1398,2016-05-21,FOODS_1_219,5,3.5896022
1399,2016-05-22,FOODS_1_219,3,3.21378
