date,item_id,actual,tft_pred
2016-04-25,FOODS_1_004,0,0.03460873
2016-04-26,FOODS_1_004,4,0.03376774
2016-04-27,FOODS_1_004,5,0.032611933
2016-04-28,FOODS_1_004,2,0.03233465
2016-04-29,FOODS_1_004,6,0.030985763
2016-04-30,FOODS_1_004,4,0.033558875
2016-05-01,FOODS_1_004,6,0.03603239
2016-05-02,FOODS_1_004,4,0.038187943
2016-05-03,FOODS_1_004,3,0.039059334
2016-05-04,FOODS_1_004,3,0.03914936
2016-05-05,FOODS_1_004,4,0.039924785
2016-05-06,FOODS_1_004,2,0.039768904
2016-05-07,FOODS_1_004,3,0.040522985
2016-05-08,FOODS_1_004,4,0.04240829
2016-05-09,FOODS_1_004,0,0.03979093
2016-05-10,FOODS_1_004,7,0.040202536
2016-05-11,FOODS_1_004,7,0.035773624
2016-05-12,FOODS_1_004,1,0.035740223
2016-05-13,FOODS_1_004,5,0.036042064
2016-05-14,FOODS_1_004,6,0.03775141
2016-05-15,FOODS_1_004,2,0.039886937
2016-05-16,FOODS_1_004,5,0.036817707
2016-05-17,FOODS_1_004,1,0.03668888
2016-05-18,FOODS_1_004,2,0.036122516
2016-05-19,FOODS_1_004,1,0.03634926
2016-05-20,FOODS_1_004,1,0.036757063
2016-05-21,FOODS_1_004,3,0.03881916
2016-05-22,FOODS_1_004,4,0.04147415
2016-04-25,FOODS_1_012,3,3.440762
2016-04-26,FOODS_1_012,2,3.2622359
2016-04-27,FOODS_1_012,4,3.3649883
2016-04-28,FOODS_1_012,3,3.418847
2016-04-29,FOODS_1_012,2,4.1103606
2016-04-30,FOODS_1_012,1,4.655542
2016-05-01,FOODS_1_012,3,4.3635416
2016-05-02,FOODS_1_012,1,3.7146013
2016-05-03,FOODS_1_012,6,3.5447032
2016-05-04,FOODS_1_012,0,3.6616714
2016-05-05,FOODS_1_012,1,3.7624292
2016-05-06,FOODS_1_012,6,4.439929
2016-05-07,FOODS_1_012,0,4.861365
2016-05-08,FOODS_1_012,2,4.420832
2016-05-09,FOODS_1_012,0,3.5915377
2016-05-10,FOODS_1_012,3,3.4188454
2016-05-11,FOODS_1_012,4,3.344119
2016-05-12,FOODS_1_012,0,3.4097092
2016-05-13,FOODS_1_012,2,4.046753
2016-05-14,FOODS_1_012,1,4.5172195
2016-05-15,FOODS_1_012,0,4.130812
2016-05-16,FOODS_1_012,1,3.365842
2016-05-17,FOODS_1_012,4,3.2139087
2016-05-18,FOODS_1_012,7,3.3038461
2016-05-19,FOODS_1_012,6,3.3674905
2016-05-20,FOODS_1_012,5,4.0009356
2016-05-21,FOODS_1_012,3,4.481083
2016-05-22,FOODS_1_012,8,4.1324334
2016-04-25,FOODS_1_018,9,10.669418
2016-04-26,FOODS_1_018,9,9.279809
2016-04-27,FOODS_1_018,3,9.411483
2016-04-28,FOODS_1_018,6,9.758628
2016-04-29,FOODS_1_018,1,12.548906
2016-04-30,FOODS_1_018,9,16.10866
2016-05-01,FOODS_1_018,2,11.44714
2016-05-02,FOODS_1_018,5,9.720939
2016-05-03,FOODS_1_018,2,9.167607
2016-05-04,FOODS_1_018,7,9.483405
2016-05-05,FOODS_1_018,12,9.994959
2016-05-06,FOODS_1_018,24,11.894492
2016-05-07,FOODS_1_018,23,13.590347
2016-05-08,FOODS_1_018,7,12.02236
2016-05-09,FOODS_1_018,3,9.34694
2016-05-10,FOODS_1_018,3,8.869656
2016-05-11,FOODS_1_018,10,8.677171
2016-05-12,FOODS_1_018,4,8.949654
2016-05-13,FOODS_1_018,7,10.843462
2016-05-14,FOODS_1_018,8,12.920732
2016-05-15,FOODS_1_018,15,11.373279
2016-05-16,FOODS_1_018,5,8.582798
2016-05-17,FOODS_1_018,11,8.051832
2016-05-18,FOODS_1_018,6,8.45395
2016-05-19,FOODS_1_018,17,8.610749
2016-05-20,FOODS_1_018,11,10.437565
2016-05-21,FOODS_1_018,13,12.449148
2016-05-22,FOODS_1_018,11,10.900355
2016-04-25,FOODS_1_019,2,8.290839
2016-04-26,FOODS_1_019,2,7.75157
2016-04-27,FOODS_1_019,0,8.106132
2016-04-28,FOODS_1_019,3,8.149531
2016-04-29,FOODS_1_019,11,10.527803
2016-04-30,FOODS_1_019,24,12.48911
2016-05-01,FOODS_1_019,21,10.272274
2016-05-02,FOODS_1_019,0,7.9092712
2016-05-03,FOODS_1_019,0,7.64872
2016-05-04,FOODS_1_019,0,8.165714
2016-05-05,FOODS_1_019,6,8.453849
2016-05-06,FOODS_1_019,5,10.899067
2016-05-07,FOODS_1_019,9,12.380301
2016-05-08,FOODS_1_019,1,10.664048
2016-05-09,FOODS_1_019,12,7.5622163
2016-05-10,FOODS_1_019,0,7.36777
2016-05-11,FOODS_1_019,1,7.666418
2016-05-12,FOODS_1_019,0,7.835306
2016-05-13,FOODS_1_019,21,10.132931
2016-05-14,FOODS_1_019,5,11.778662
2016-05-15,FOODS_1_019,16,10.309335
2016-05-16,FOODS_1_019,6,7.114886
2016-05-17,FOODS_1_019,10,6.948706
2016-05-18,FOODS_1_019,9,7.51752
2016-05-19,FOODS_1_019,0,7.697811
2016-05-20,FOODS_1_019,18,9.910931
2016-05-21,FOODS_1_019,11,11.419915
2016-05-22,FOODS_1_019,12,9.884708
2016-04-25,FOODS_1_021,0,0.29778406
2016-04-26,FOODS_1_021,0,0.22388831
2016-04-27,FOODS_1_021,0,0.19725497
2016-04-28,FOODS_1_021,2,0.24360722
2016-04-29,FOODS_1_021,1,0.3353687
2016-04-30,FOODS_1_021,1,0.3985285
2016-05-01,FOODS_1_021,2,0.23381177
2016-05-02,FOODS_1_021,3,0.29446286
2016-05-03,FOODS_1_021,3,0.2547337
2016-05-04,FOODS_1_021,0,0.22091044
2016-05-05,FOODS_1_021,0,0.2764169
2016-05-06,FOODS_1_021,0,0.35010025
2016-05-07,FOODS_1_021,0,0.39660814
2016-05-08,FOODS_1_021,0,0.38657525
2016-05-09,FOODS_1_021,0,0.41667607
2016-05-10,FOODS_1_021,0,0.350051
2016-05-11,FOODS_1_021,0,0.39825413
2016-05-12,FOODS_1_021,1,0.45981923
2016-05-13,FOODS_1_021,0,0.60475224
2016-05-14,FOODS_1_021,0,0.71099794
2016-05-15,FOODS_1_021,0,0.6270153
2016-05-16,FOODS_1_021,0,0.59467924
2016-05-17,FOODS_1_021,0,0.50635755
2016-05-18,FOODS_1_021,0,0.45641208
2016-05-19,FOODS_1_021,0,0.5494109
2016-05-20,FOODS_1_021,0,0.75278306
2016-05-21,FOODS_1_021,0,0.84171605
2016-05-22,FOODS_1_021,0,0.7456183
2016-04-25,FOODS_1_032,0,0.11293501
2016-04-26,FOODS_1_032,1,0.09389851
2016-04-27,FOODS_1_032,2,0.07795115
2016-04-28,FOODS_1_032,4,0.095410585
2016-04-29,FOODS_1_032,11,0.088469155
2016-04-30,FOODS_1_032,8,0.10453184
2016-05-01,FOODS_1_032,2,0.09435288
2016-05-02,FOODS_1_032,3,0.13579904
2016-05-03,FOODS_1_032,2,0.13840435
2016-05-04,FOODS_1_032,7,0.123566
2016-05-05,FOODS_1_032,0,0.15820691
2016-05-06,FOODS_1_032,2,0.14917849
2016-05-07,FOODS_1_032,5,0.16413783
2016-05-08,FOODS_1_032,3,0.1445697
2016-05-09,FOODS_1_032,2,0.16931538
2016-05-10,FOODS_1_032,3,0.16937238
2016-05-11,FOODS_1_032,2,0.1138192
2016-05-12,FOODS_1_032,2,0.1377874
2016-05-13,FOODS_1_032,3,0.12936342
2016-05-14,FOODS_1_032,10,0.15231736
2016-05-15,FOODS_1_032,4,0.12991814
2016-05-16,FOODS_1_032,5,0.1609942
2016-05-17,FOODS_1_032,2,0.15196502
2016-05-18,FOODS_1_032,0,0.13289054
2016-05-19,FOODS_1_032,0,0.16973099
2016-05-20,FOODS_1_032,3,0.16441776
2016-05-21,FOODS_1_032,21,0.1903791
2016-05-22,FOODS_1_032,5,0.15882933
2016-04-25,FOODS_1_036,3,3.2063875
2016-04-26,FOODS_1_036,2,2.9563024
2016-04-27,FOODS_1_036,1,3.0873842
2016-04-28,FOODS_1_036,3,3.1314843
2016-04-29,FOODS_1_036,3,3.9142997
2016-04-30,FOODS_1_036,3,4.7309523
2016-05-01,FOODS_1_036,3,4.0341806
2016-05-02,FOODS_1_036,4,3.2866619
2016-05-03,FOODS_1_036,3,3.1183226
2016-05-04,FOODS_1_036,1,3.265434
2016-05-05,FOODS_1_036,0,3.3621771
2016-05-06,FOODS_1_036,0,4.1885514
2016-05-07,FOODS_1_036,2,4.812923
2016-05-08,FOODS_1_036,0,4.296374
2016-05-09,FOODS_1_036,1,3.2237778
2016-05-10,FOODS_1_036,1,3.0399096
2016-05-11,FOODS_1_036,4,3.083973
2016-05-12,FOODS_1_036,0,3.1285715
2016-05-13,FOODS_1_036,4,3.8958127
2016-05-14,FOODS_1_036,5,4.6089096
2016-05-15,FOODS_1_036,5,4.105677
2016-05-16,FOODS_1_036,2,3.0642467
2016-05-17,FOODS_1_036,2,2.927265
2016-05-18,FOODS_1_036,3,3.0710552
2016-05-19,FOODS_1_036,1,3.1205
2016-05-20,FOODS_1_036,2,3.827025
2016-05-21,FOODS_1_036,3,4.514243
2016-05-22,FOODS_1_036,1,4.019946
2016-04-25,FOODS_1_040,5,2.5345516
2016-04-26,FOODS_1_040,0,2.2921183
2016-04-27,FOODS_1_040,1,2.3943975
2016-04-28,FOODS_1_040,2,2.4109738
2016-04-29,FOODS_1_040,1,3.1190996
2016-04-30,FOODS_1_040,3,3.7399845
2016-05-01,FOODS_1_040,1,3.339855
2016-05-02,FOODS_1_040,4,2.6869128
2016-05-03,FOODS_1_040,3,2.5359042
2016-05-04,FOODS_1_040,1,2.6595173
2016-05-05,FOODS_1_040,0,2.7417378
2016-05-06,FOODS_1_040,0,3.4818554
2016-05-07,FOODS_1_040,0,3.9936655
2016-05-08,FOODS_1_040,1,3.60302
2016-05-09,FOODS_1_040,0,2.7172303
2016-05-10,FOODS_1_040,0,2.5462406
2016-05-11,FOODS_1_040,0,2.4872515
2016-05-12,FOODS_1_040,0,2.5182185
2016-05-13,FOODS_1_040,0,3.2169569
2016-05-14,FOODS_1_040,2,3.7575433
2016-05-15,FOODS_1_040,5,3.4004314
2016-05-16,FOODS_1_040,0,2.520475
2016-05-17,FOODS_1_040,4,2.373761
2016-05-18,FOODS_1_040,4,2.4904778
2016-05-19,FOODS_1_040,7,2.5303526
2016-05-20,FOODS_1_040,0,3.193547
2016-05-21,FOODS_1_040,1,3.7249877
2016-05-22,FOODS_1_040,0,3.36331
2016-04-25,FOODS_1_042,1,2.4557347
2016-04-26,FOODS_1_042,0,2.2983842
2016-04-27,FOODS_1_042,1,2.4668727
2016-04-28,FOODS_1_042,6,2.5351582
2016-04-29,FOODS_1_042,0,3.4198325
2016-04-30,FOODS_1_042,8,4.3213263
2016-05-01,FOODS_1_042,9,3.7466576
2016-05-02,FOODS_1_042,8,2.897418
2016-05-03,FOODS_1_042,4,2.7214327
2016-05-04,FOODS_1_042,3,2.8735566
2016-05-05,FOODS_1_042,1,3.029303
2016-05-06,FOODS_1_042,8,4.030313
2016-05-07,FOODS_1_042,4,4.781991
2016-05-08,FOODS_1_042,0,4.1478376
2016-05-09,FOODS_1_042,0,2.9683952
2016-05-10,FOODS_1_042,0,2.7753656
2016-05-11,FOODS_1_042,0,2.7173283
2016-05-12,FOODS_1_042,0,2.786107
2016-05-13,FOODS_1_042,3,3.6843326
2016-05-14,FOODS_1_042,2,4.4786844
2016-05-15,FOODS_1_042,6,3.9060004
2016-05-16,FOODS_1_042,3,2.7450132
2016-05-17,FOODS_1_042,0,2.5873542
2016-05-18,FOODS_1_042,4,2.7383149
2016-05-19,FOODS_1_042,3,2.8257442
2016-05-20,FOODS_1_042,4,3.7183833
2016-05-21,FOODS_1_042,5,4.520458
2016-05-22,FOODS_1_042,3,3.9246464
2016-04-25,FOODS_1_043,0,0.06692419
2016-04-26,FOODS_1_043,5,0.06549483
2016-04-27,FOODS_1_043,10,0.06334415
2016-04-28,FOODS_1_043,4,0.06288451
2016-04-29,FOODS_1_043,19,0.060296603
2016-04-30,FOODS_1_043,8,0.06409374
2016-05-01,FOODS_1_043,10,0.06745986
2016-05-02,FOODS_1_043,6,0.07148547
2016-05-03,FOODS_1_043,13,0.07319993
2016-05-04,FOODS_1_043,4,0.07313891
2016-05-05,FOODS_1_043,14,0.07413678
2016-05-06,FOODS_1_043,12,0.072959796
2016-05-07,FOODS_1_043,15,0.073894516
2016-05-08,FOODS_1_043,3,0.07614997
2016-05-09,FOODS_1_043,7,0.07304724
2016-05-10,FOODS_1_043,10,0.074360356
2016-05-11,FOODS_1_043,5,0.0679454
2016-05-12,FOODS_1_043,9,0.067726895
2016-05-13,FOODS_1_043,11,0.06742535
2016-05-14,FOODS_1_043,9,0.06986684
2016-05-15,FOODS_1_043,11,0.07281015
2016-05-16,FOODS_1_043,9,0.06908676
2016-05-17,FOODS_1_043,3,0.069361724
2016-05-18,FOODS_1_043,1,0.06832246
2016-05-19,FOODS_1_043,4,0.06844474
2016-05-20,FOODS_1_043,5,0.06812356
2016-05-21,FOODS_1_043,8,0.07090472
2016-05-22,FOODS_1_043,5,0.07461918
2016-04-25,FOODS_1_044,2,0.067199886
2016-04-26,FOODS_1_044,1,0.06889098
2016-04-27,FOODS_1_044,1,0.06911278
2016-04-28,FOODS_1_044,3,0.06824257
2016-04-29,FOODS_1_044,1,0.06806721
2016-04-30,FOODS_1_044,2,0.07327664
2016-05-01,FOODS_1_044,5,0.0753841
2016-05-02,FOODS_1_044,5,0.07299879
2016-05-03,FOODS_1_044,6,0.0761481
2016-05-04,FOODS_1_044,1,0.07714132
2016-05-05,FOODS_1_044,2,0.07766772
2016-05-06,FOODS_1_044,3,0.07830887
2016-05-07,FOODS_1_044,3,0.08184522
2016-05-08,FOODS_1_044,4,0.08052859
2016-05-09,FOODS_1_044,1,0.07445979
2016-05-10,FOODS_1_044,4,0.07746426
2016-05-11,FOODS_1_044,0,0.073124275
2016-05-12,FOODS_1_044,4,0.072235495
2016-05-13,FOODS_1_044,4,0.07376108
2016-05-14,FOODS_1_044,2,0.07872978
2016-05-15,FOODS_1_044,1,0.07869169
2016-05-16,FOODS_1_044,0,0.0702123
2016-05-17,FOODS_1_044,1,0.072605684
2016-05-18,FOODS_1_044,0,0.073573396
2016-05-19,FOODS_1_044,0,0.072911546
2016-05-20,FOODS_1_044,0,0.07418217
2016-05-21,FOODS_1_044,1,0.07945101
2016-05-22,FOODS_1_044,2,0.07943937
2016-04-25,FOODS_1_045,2,0.14834964
2016-04-26,FOODS_1_045,0,0.13837473
2016-04-27,FOODS_1_045,1,0.13290145
2016-04-28,FOODS_1_045,0,0.14321338
2016-04-29,FOODS_1_045,0,0.14668898
2016-04-30,FOODS_1_045,2,0.1613481
2016-05-01,FOODS_1_045,6,0.15602428
2016-05-02,FOODS_1_045,3,0.15692185
2016-05-03,FOODS_1_045,4,0.15600592
2016-05-04,FOODS_1_045,3,0.15231258
2016-05-05,FOODS_1_045,3,0.16555515
2016-05-06,FOODS_1_045,1,0.17294222
2016-05-07,FOODS_1_045,1,0.18232723
2016-05-08,FOODS_1_045,0,0.1780498
2016-05-09,FOODS_1_045,0,0.17112462
2016-05-10,FOODS_1_045,1,0.16851944
2016-05-11,FOODS_1_045,6,0.15759568
2016-05-12,FOODS_1_045,1,0.16848114
2016-05-13,FOODS_1_045,5,0.17308244
2016-05-14,FOODS_1_045,1,0.18568574
2016-05-15,FOODS_1_045,1,0.18243484
2016-05-16,FOODS_1_045,4,0.17868236
2016-05-17,FOODS_1_045,6,0.17540482
2016-05-18,FOODS_1_045,3,0.16728137
2016-05-19,FOODS_1_045,8,0.18527879
2016-05-20,FOODS_1_045,1,0.19158754
2016-05-21,FOODS_1_045,1,0.20243415
2016-05-22,FOODS_1_045,0,0.19481842
2016-04-25,FOODS_1_046,5,9.95355
2016-04-26,FOODS_1_046,7,8.960053
2016-04-27,FOODS_1_046,4,9.212032
2016-04-28,FOODS_1_046,7,9.382729
2016-04-29,FOODS_1_046,13,11.899858
2016-04-30,FOODS_1_046,8,14.316214
2016-05-01,FOODS_1_046,6,11.013663
2016-05-02,FOODS_1_046,5,9.176965
2016-05-03,FOODS_1_046,1,8.66699
2016-05-04,FOODS_1_046,11,9.056907
2016-05-05,FOODS_1_046,3,9.444609
2016-05-06,FOODS_1_046,9,11.505233
2016-05-07,FOODS_1_046,18,12.87612
2016-05-08,FOODS_1_046,9,11.534497
2016-05-09,FOODS_1_046,4,8.838837
2016-05-10,FOODS_1_046,3,8.406602
2016-05-11,FOODS_1_046,6,8.583367
2016-05-12,FOODS_1_046,4,8.802659
2016-05-13,FOODS_1_046,2,10.823813
2016-05-14,FOODS_1_046,5,12.410803
2016-05-15,FOODS_1_046,7,11.133421
2016-05-16,FOODS_1_046,5,8.366332
2016-05-17,FOODS_1_046,12,7.902231
2016-05-18,FOODS_1_046,10,8.371985
2016-05-19,FOODS_1_046,10,8.521082
2016-05-20,FOODS_1_046,13,10.482536
2016-05-21,FOODS_1_046,7,12.081483
2016-05-22,FOODS_1_046,5,10.68132
2016-04-25,FOODS_1_054,2,2.3100019
2016-04-26,FOODS_1_054,3,2.1057749
2016-04-27,FOODS_1_054,4,2.212011
2016-04-28,FOODS_1_054,0,2.20055
2016-04-29,FOODS_1_054,0,2.837932
2016-04-30,FOODS_1_054,2,3.4861197
2016-05-01,FOODS_1_054,5,3.0072594
2016-05-02,FOODS_1_054,0,2.4281435
2016-05-03,FOODS_1_054,3,2.2529252
2016-05-04,FOODS_1_054,3,2.3502188
2016-05-05,FOODS_1_054,6,2.3802378
2016-05-06,FOODS_1_054,2,3.0066705
2016-05-07,FOODS_1_054,11,3.49995
2016-05-08,FOODS_1_054,2,3.1663675
2016-05-09,FOODS_1_054,0,2.3805676
2016-05-10,FOODS_1_054,1,2.2064474
2016-05-11,FOODS_1_054,2,2.1532412
2016-05-12,FOODS_1_054,2,2.145032
2016-05-13,FOODS_1_054,3,2.725285
2016-05-14,FOODS_1_054,1,3.2655728
2016-05-15,FOODS_1_054,3,2.9345796
2016-05-16,FOODS_1_054,2,2.1905694
2016-05-17,FOODS_1_054,10,2.0568419
2016-05-18,FOODS_1_054,3,2.148482
2016-05-19,FOODS_1_054,2,2.1439111
2016-05-20,FOODS_1_054,1,2.6612713
2016-05-21,FOODS_1_054,8,3.182354
2016-05-22,FOODS_1_054,2,2.8557775
2016-04-25,FOODS_1_055,0,1.9317673
2016-04-26,FOODS_1_055,3,1.766526
2016-04-27,FOODS_1_055,0,1.8147391
2016-04-28,FOODS_1_055,0,1.8316946
2016-04-29,FOODS_1_055,0,2.3250587
2016-04-30,FOODS_1_055,0,2.700515
2016-05-01,FOODS_1_055,8,2.574176
2016-05-02,FOODS_1_055,1,2.1277232
2016-05-03,FOODS_1_055,4,1.9946574
2016-05-04,FOODS_1_055,3,2.050358
2016-05-05,FOODS_1_055,3,2.103234
2016-05-06,FOODS_1_055,28,2.5959933
2016-05-07,FOODS_1_055,1,2.9048274
2016-05-08,FOODS_1_055,0,2.6415143
2016-05-09,FOODS_1_055,0,2.1073215
2016-05-10,FOODS_1_055,11,1.9690472
2016-05-11,FOODS_1_055,1,1.8545578
2016-05-12,FOODS_1_055,0,1.8829379
2016-05-13,FOODS_1_055,2,2.3496678
2016-05-14,FOODS_1_055,2,2.6802037
2016-05-15,FOODS_1_055,0,2.4597178
2016-05-16,FOODS_1_055,19,1.9375268
2016-05-17,FOODS_1_055,0,1.8155646
2016-05-18,FOODS_1_055,3,1.8661659
2016-05-19,FOODS_1_055,3,1.8966423
2016-05-20,FOODS_1_055,2,2.3563328
2016-05-21,FOODS_1_055,2,2.6913724
2016-05-22,FOODS_1_055,12,2.4905336
2016-04-25,FOODS_1_058,0,0.06833331
2016-04-26,FOODS_1_058,0,0.069210544
2016-04-27,FOODS_1_058,0,0.06855436
2016-04-28,FOODS_1_058,0,0.068248354
2016-04-29,FOODS_1_058,2,0.06643987
2016-04-30,FOODS_1_058,0,0.07068007
2016-05-01,FOODS_1_058,2,0.072282605
2016-05-02,FOODS_1_058,2,0.073362865
2016-05-03,FOODS_1_058,5,0.07569826
2016-05-04,FOODS_1_058,0,0.076196425
2016-05-05,FOODS_1_058,9,0.07745121
2016-05-06,FOODS_1_058,5,0.076976396
2016-05-07,FOODS_1_058,4,0.07876177
2016-05-08,FOODS_1_058,4,0.078305535
2016-05-09,FOODS_1_058,1,0.074265756
2016-05-10,FOODS_1_058,2,0.07661415
2016-05-11,FOODS_1_058,2,0.07219809
2016-05-12,FOODS_1_058,3,0.07203652
2016-05-13,FOODS_1_058,5,0.07240034
2016-05-14,FOODS_1_058,4,0.07582618
2016-05-15,FOODS_1_058,4,0.07640127
2016-05-16,FOODS_1_058,1,0.07064245
2016-05-17,FOODS_1_058,2,0.07243667
2016-05-18,FOODS_1_058,2,0.072831206
2016-05-19,FOODS_1_058,3,0.073103584
2016-05-20,FOODS_1_058,3,0.073420644
2016-05-21,FOODS_1_058,9,0.0769221
2016-05-22,FOODS_1_058,0,0.07741148
2016-04-25,FOODS_1_067,5,0.09342196
2016-04-26,FOODS_1_067,10,0.086605966
2016-04-27,FOODS_1_067,5,0.08450828
2016-04-28,FOODS_1_067,3,0.0899367
2016-04-29,FOODS_1_067,3,0.09604349
2016-04-30,FOODS_1_067,11,0.10304879
2016-05-01,FOODS_1_067,3,0.10097715
2016-05-02,FOODS_1_067,1,0.10529376
2016-05-03,FOODS_1_067,1,0.10325483
2016-05-04,FOODS_1_067,2,0.10137208
2016-05-05,FOODS_1_067,2,0.110346414
2016-05-06,FOODS_1_067,2,0.1168193
2016-05-07,FOODS_1_067,0,0.12023922
2016-05-08,FOODS_1_067,0,0.11740331
2016-05-09,FOODS_1_067,0,0.11364281
2016-05-10,FOODS_1_067,0,0.11002825
2016-05-11,FOODS_1_067,0,0.100671485
2016-05-12,FOODS_1_067,0,0.106701836
2016-05-13,FOODS_1_067,15,0.11365319
2016-05-14,FOODS_1_067,2,0.12026247
2016-05-15,FOODS_1_067,4,0.1178509
2016-05-16,FOODS_1_067,4,0.113769054
2016-05-17,FOODS_1_067,3,0.10985522
2016-05-18,FOODS_1_067,3,0.10662679
2016-05-19,FOODS_1_067,5,0.11607972
2016-05-20,FOODS_1_067,7,0.12529303
2016-05-21,FOODS_1_067,1,0.12938462
2016-05-22,FOODS_1_067,3,0.1257683
2016-04-25,FOODS_1_082,10,8.239304
2016-04-26,FOODS_1_082,6,7.8566914
2016-04-27,FOODS_1_082,9,8.18955
2016-04-28,FOODS_1_082,5,8.037663
2016-04-29,FOODS_1_082,9,9.942781
2016-04-30,FOODS_1_082,10,11.790035
2016-05-01,FOODS_1_082,6,10.09353
2016-05-02,FOODS_1_082,4,8.305791
2016-05-03,FOODS_1_082,3,8.11854
2016-05-04,FOODS_1_082,6,8.532772
2016-05-05,FOODS_1_082,4,8.597638
2016-05-06,FOODS_1_082,5,10.658364
2016-05-07,FOODS_1_082,17,11.991717
2016-05-08,FOODS_1_082,12,10.588055
2016-05-09,FOODS_1_082,8,7.923294
2016-05-10,FOODS_1_082,12,7.752239
2016-05-11,FOODS_1_082,9,7.991925
2016-05-12,FOODS_1_082,4,7.96513
2016-05-13,FOODS_1_082,10,9.863864
2016-05-14,FOODS_1_082,16,11.429664
2016-05-15,FOODS_1_082,11,10.240332
2016-05-16,FOODS_1_082,4,7.4951487
2016-05-17,FOODS_1_082,7,7.451574
2016-05-18,FOODS_1_082,9,7.9123225
2016-05-19,FOODS_1_082,1,7.8896613
2016-05-20,FOODS_1_082,6,9.670252
2016-05-21,FOODS_1_082,11,11.10926
2016-05-22,FOODS_1_082,7,9.8759165
2016-04-25,FOODS_1_085,10,8.886389
2016-04-26,FOODS_1_085,4,8.188996
2016-04-27,FOODS_1_085,14,8.554745
2016-04-28,FOODS_1_085,14,8.621255
2016-04-29,FOODS_1_085,6,11.164094
2016-04-30,FOODS_1_085,18,14.814388
2016-05-01,FOODS_1_085,7,11.01396
2016-05-02,FOODS_1_085,0,9.2971325
2016-05-03,FOODS_1_085,11,8.942944
2016-05-04,FOODS_1_085,2,9.394644
2016-05-05,FOODS_1_085,7,9.811913
2016-05-06,FOODS_1_085,9,11.778336
2016-05-07,FOODS_1_085,0,13.752684
2016-05-08,FOODS_1_085,4,12.342113
2016-05-09,FOODS_1_085,7,9.662935
2016-05-10,FOODS_1_085,1,9.32983
2016-05-11,FOODS_1_085,1,9.483288
2016-05-12,FOODS_1_085,4,9.630999
2016-05-13,FOODS_1_085,9,11.585021
2016-05-14,FOODS_1_085,10,13.923709
2016-05-15,FOODS_1_085,2,12.339323
2016-05-16,FOODS_1_085,5,9.489183
2016-05-17,FOODS_1_085,6,9.071859
2016-05-18,FOODS_1_085,15,9.58266
2016-05-19,FOODS_1_085,6,9.622566
2016-05-20,FOODS_1_085,4,11.543697
2016-05-21,FOODS_1_085,6,13.868305
2016-05-22,FOODS_1_085,2,12.137193
2016-04-25,FOODS_1_086,2,6.9409466
2016-04-26,FOODS_1_086,0,5.696617
2016-04-27,FOODS_1_086,0,5.7407117
2016-04-28,FOODS_1_086,6,5.9909616
2016-04-29,FOODS_1_086,9,8.427774
2016-04-30,FOODS_1_086,16,9.469341
2016-05-01,FOODS_1_086,2,7.7896814
2016-05-02,FOODS_1_086,11,6.4153357
2016-05-03,FOODS_1_086,4,5.6049023
2016-05-04,FOODS_1_086,0,5.840005
2016-05-05,FOODS_1_086,7,6.3022075
2016-05-06,FOODS_1_086,5,8.633925
2016-05-07,FOODS_1_086,0,9.246295
2016-05-08,FOODS_1_086,0,8.276073
2016-05-09,FOODS_1_086,0,6.030627
2016-05-10,FOODS_1_086,0,5.233647
2016-05-11,FOODS_1_086,0,5.33217
2016-05-12,FOODS_1_086,0,5.6773963
2016-05-13,FOODS_1_086,9,7.8675313
2016-05-14,FOODS_1_086,3,8.662921
2016-05-15,FOODS_1_086,0,7.8017774
2016-05-16,FOODS_1_086,9,5.570627
2016-05-17,FOODS_1_086,9,4.77107
2016-05-18,FOODS_1_086,13,4.998271
2016-05-19,FOODS_1_086,0,5.332602
2016-05-20,FOODS_1_086,8,7.458081
2016-05-21,FOODS_1_086,7,8.209032
2016-05-22,FOODS_1_086,1,7.341693
2016-04-25,FOODS_1_087,3,1.90996
2016-04-26,FOODS_1_087,2,1.7943149
2016-04-27,FOODS_1_087,4,1.849708
2016-04-28,FOODS_1_087,2,1.8822591
2016-04-29,FOODS_1_087,7,2.285246
2016-04-30,FOODS_1_087,0,2.6377325
2016-05-01,FOODS_1_087,4,2.4998305
2016-05-02,FOODS_1_087,6,2.1289866
2016-05-03,FOODS_1_087,3,2.030007
2016-05-04,FOODS_1_087,3,2.087117
2016-05-05,FOODS_1_087,4,2.1389449
2016-05-06,FOODS_1_087,2,2.5391986
2016-05-07,FOODS_1_087,0,2.8309972
2016-05-08,FOODS_1_087,2,2.608116
2016-05-09,FOODS_1_087,2,2.1222284
2016-05-10,FOODS_1_087,3,2.0158167
2016-05-11,FOODS_1_087,0,1.9329407
2016-05-12,FOODS_1_087,0,1.9668067
2016-05-13,FOODS_1_087,3,2.350962
2016-05-14,FOODS_1_087,3,2.6620798
2016-05-15,FOODS_1_087,6,2.4696894
2016-05-16,FOODS_1_087,0,2.0258918
2016-05-17,FOODS_1_087,1,1.9202993
2016-05-18,FOODS_1_087,1,1.9664108
2016-05-19,FOODS_1_087,7,1.9971527
2016-05-20,FOODS_1_087,5,2.374185
2016-05-21,FOODS_1_087,0,2.686324
2016-05-22,FOODS_1_087,2,2.5088813
2016-04-25,FOODS_1_099,6,11.507003
2016-04-26,FOODS_1_099,8,10.3621235
2016-04-27,FOODS_1_099,5,10.758927
2016-04-28,FOODS_1_099,7,11.198443
2016-04-29,FOODS_1_099,9,15.143317
2016-04-30,FOODS_1_099,13,18.518013
2016-05-01,FOODS_1_099,12,14.464828
2016-05-02,FOODS_1_099,1,10.773647
2016-05-03,FOODS_1_099,6,9.986496
2016-05-04,FOODS_1_099,1,10.659627
2016-05-05,FOODS_1_099,4,11.40693
2016-05-06,FOODS_1_099,7,15.319405
2016-05-07,FOODS_1_099,16,17.585749
2016-05-08,FOODS_1_099,9,14.916822
2016-05-09,FOODS_1_099,12,10.256417
2016-05-10,FOODS_1_099,9,9.621582
2016-05-11,FOODS_1_099,4,10.063199
2016-05-12,FOODS_1_099,9,10.588605
2016-05-13,FOODS_1_099,12,14.263101
2016-05-14,FOODS_1_099,10,16.824621
2016-05-15,FOODS_1_099,15,14.393122
2016-05-16,FOODS_1_099,6,9.591533
2016-05-17,FOODS_1_099,16,8.990995
2016-05-18,FOODS_1_099,1,9.719815
2016-05-19,FOODS_1_099,2,10.190901
2016-05-20,FOODS_1_099,3,13.857917
2016-05-21,FOODS_1_099,3,16.365538
2016-05-22,FOODS_1_099,2,13.72258
2016-04-25,FOODS_1_104,1,0.5531337
2016-04-26,FOODS_1_104,1,0.49402657
2016-04-27,FOODS_1_104,2,0.5028389
2016-04-28,FOODS_1_104,0,0.51904017
2016-04-29,FOODS_1_104,0,0.68769205
2016-04-30,FOODS_1_104,3,0.8202174
2016-05-01,FOODS_1_104,1,0.7892039
2016-05-02,FOODS_1_104,1,0.6550178
2016-05-03,FOODS_1_104,0,0.61023295
2016-05-04,FOODS_1_104,1,0.61510324
2016-05-05,FOODS_1_104,1,0.6364403
2016-05-06,FOODS_1_104,0,0.80521774
2016-05-07,FOODS_1_104,0,0.9245833
2016-05-08,FOODS_1_104,1,0.8494803
2016-05-09,FOODS_1_104,1,0.70803714
2016-05-10,FOODS_1_104,4,0.651945
2016-05-11,FOODS_1_104,1,0.58550113
2016-05-12,FOODS_1_104,0,0.6028523
2016-05-13,FOODS_1_104,0,0.7761949
2016-05-14,FOODS_1_104,1,0.89978546
2016-05-15,FOODS_1_104,7,0.82624084
2016-05-16,FOODS_1_104,1,0.6828685
2016-05-17,FOODS_1_104,1,0.6238394
2016-05-18,FOODS_1_104,7,0.6281828
2016-05-19,FOODS_1_104,7,0.6467117
2016-05-20,FOODS_1_104,0,0.82500464
2016-05-21,FOODS_1_104,0,0.9490822
2016-05-22,FOODS_1_104,0,0.87558746
2016-04-25,FOODS_1_110,0,0.06601388
2016-04-26,FOODS_1_110,4,0.0653296
2016-04-27,FOODS_1_110,11,0.06372337
2016-04-28,FOODS_1_110,8,0.06315892
2016-04-29,FOODS_1_110,11,0.060858987
2016-04-30,FOODS_1_110,10,0.06432083
2016-05-01,FOODS_1_110,12,0.06693353
2016-05-02,FOODS_1_110,5,0.0701122
2016-05-03,FOODS_1_110,8,0.07180072
2016-05-04,FOODS_1_110,6,0.071964234
2016-05-05,FOODS_1_110,5,0.07278324
2016-05-06,FOODS_1_110,10,0.07180565
2016-05-07,FOODS_1_110,11,0.072704606
2016-05-08,FOODS_1_110,0,0.07402152
2016-05-09,FOODS_1_110,5,0.07107876
2016-05-10,FOODS_1_110,5,0.07260997
2016-05-11,FOODS_1_110,5,0.06768404
2016-05-12,FOODS_1_110,3,0.06739412
2016-05-13,FOODS_1_110,4,0.06722633
2016-05-14,FOODS_1_110,4,0.0695299
2016-05-15,FOODS_1_110,1,0.07158908
2016-05-16,FOODS_1_110,1,0.06768714
2016-05-17,FOODS_1_110,9,0.068460844
2016-05-18,FOODS_1_110,9,0.067952804
2016-05-19,FOODS_1_110,7,0.068069614
2016-05-20,FOODS_1_110,10,0.06777295
2016-05-21,FOODS_1_110,7,0.07033064
2016-05-22,FOODS_1_110,8,0.072765894
2016-04-25,FOODS_1_112,1,2.7775567
2016-04-26,FOODS_1_112,2,2.529606
2016-04-27,FOODS_1_112,2,2.6348991
2016-04-28,FOODS_1_112,2,2.6429899
2016-04-29,FOODS_1_112,1,3.3405569
2016-04-30,FOODS_1_112,2,3.9542058
2016-05-01,FOODS_1_112,0,3.5447648
2016-05-02,FOODS_1_112,1,2.86448
2016-05-03,FOODS_1_112,2,2.7139847
2016-05-04,FOODS_1_112,1,2.8390286
2016-05-05,FOODS_1_112,0,2.9076402
2016-05-06,FOODS_1_112,1,3.625193
2016-05-07,FOODS_1_112,0,4.117566
2016-05-08,FOODS_1_112,0,3.7236526
2016-05-09,FOODS_1_112,1,2.8403156
2016-05-10,FOODS_1_112,1,2.67607
2016-05-11,FOODS_1_112,1,2.622689
2016-05-12,FOODS_1_112,3,2.6434336
2016-05-13,FOODS_1_112,2,3.301114
2016-05-14,FOODS_1_112,0,3.8218017
2016-05-15,FOODS_1_112,2,3.4717078
2016-05-16,FOODS_1_112,1,2.6040292
2016-05-17,FOODS_1_112,2,2.477534
2016-05-18,FOODS_1_112,2,2.593408
2016-05-19,FOODS_1_112,1,2.6214235
2016-05-20,FOODS_1_112,0,3.2365615
2016-05-21,FOODS_1_112,2,3.7459414
2016-05-22,FOODS_1_112,10,3.402259
2016-04-25,FOODS_1_113,9,0.32501826
2016-04-26,FOODS_1_113,6,0.26973557
2016-04-27,FOODS_1_113,3,0.25813615
2016-04-28,FOODS_1_113,7,0.30064622
2016-04-29,FOODS_1_113,8,0.48875993
2016-04-30,FOODS_1_113,5,0.65507597
2016-05-01,FOODS_1_113,1,0.5581527
2016-05-02,FOODS_1_113,2,0.40767792
2016-05-03,FOODS_1_113,2,0.37728035
2016-05-04,FOODS_1_113,1,0.36610216
2016-05-05,FOODS_1_113,0,0.42408678
2016-05-06,FOODS_1_113,0,0.6149627
2016-05-07,FOODS_1_113,0,0.79453635
2016-05-08,FOODS_1_113,0,0.68322796
2016-05-09,FOODS_1_113,9,0.5271798
2016-05-10,FOODS_1_113,0,0.4833491
2016-05-11,FOODS_1_113,2,0.38777524
2016-05-12,FOODS_1_113,6,0.43945333
2016-05-13,FOODS_1_113,13,0.65154487
2016-05-14,FOODS_1_113,7,0.82977223
2016-05-15,FOODS_1_113,0,0.7049719
2016-05-16,FOODS_1_113,3,0.5128518
2016-05-17,FOODS_1_113,2,0.46085906
2016-05-18,FOODS_1_113,1,0.446497
2016-05-19,FOODS_1_113,1,0.5195894
2016-05-20,FOODS_1_113,2,0.78008515
2016-05-21,FOODS_1_113,1,0.99096864
2016-05-22,FOODS_1_113,0,0.8261125
2016-04-25,FOODS_1_120,0,0.10542292
2016-04-26,FOODS_1_120,3,0.108540066
2016-04-27,FOODS_1_120,0,0.107924476
2016-04-28,FOODS_1_120,1,0.108032316
2016-04-29,FOODS_1_120,2,0.10499559
2016-04-30,FOODS_1_120,2,0.11295507
2016-05-01,FOODS_1_120,2,0.11503682
2016-05-02,FOODS_1_120,1,0.11660271
2016-05-03,FOODS_1_120,0,0.12085446
2016-05-04,FOODS_1_120,2,0.120521605
2016-05-05,FOODS_1_120,0,0.124235176
2016-05-06,FOODS_1_120,0,0.12317768
2016-05-07,FOODS_1_120,3,0.12714389
2016-05-08,FOODS_1_120,1,0.12396944
2016-05-09,FOODS_1_120,4,0.116903946
2016-05-10,FOODS_1_120,0,0.12124298
2016-05-11,FOODS_1_120,6,0.11267757
2016-05-12,FOODS_1_120,0,0.11272206
2016-05-13,FOODS_1_120,2,0.11257593
2016-05-14,FOODS_1_120,2,0.11932982
2016-05-15,FOODS_1_120,1,0.118559435
2016-05-16,FOODS_1_120,1,0.10935091
2016-05-17,FOODS_1_120,2,0.11290647
2016-05-18,FOODS_1_120,0,0.11375775
2016-05-19,FOODS_1_120,3,0.11412797
2016-05-20,FOODS_1_120,0,0.11374449
2016-05-21,FOODS_1_120,1,0.12093139
2016-05-22,FOODS_1_120,1,0.11947158
2016-04-25,FOODS_1_130,2,2.716021
2016-04-26,FOODS_1_130,2,2.4800498
2016-04-27,FOODS_1_130,2,2.6051397
2016-04-28,FOODS_1_130,3,2.613509
2016-04-29,FOODS_1_130,1,3.3305628
2016-04-30,FOODS_1_130,5,4.083056
2016-05-01,FOODS_1_130,3,3.4999626
2016-05-02,FOODS_1_130,5,2.829832
2016-05-03,FOODS_1_130,2,2.651161
2016-05-04,FOODS_1_130,2,2.7784026
2016-05-05,FOODS_1_130,6,2.8394377
2016-05-06,FOODS_1_130,3,3.569254
2016-05-07,FOODS_1_130,6,4.136724
2016-05-08,FOODS_1_130,1,3.7140253
2016-05-09,FOODS_1_130,2,2.7710655
2016-05-10,FOODS_1_130,0,2.5916216
2016-05-11,FOODS_1_130,0,2.5663207
2016-05-12,FOODS_1_130,0,2.571465
2016-05-13,FOODS_1_130,2,3.2485456
2016-05-14,FOODS_1_130,5,3.887969
2016-05-15,FOODS_1_130,1,3.4785173
2016-05-16,FOODS_1_130,2,2.5832503
2016-05-17,FOODS_1_130,1,2.4427347
2016-05-18,FOODS_1_130,3,2.561469
2016-05-19,FOODS_1_130,2,2.576657
2016-05-20,FOODS_1_130,2,3.1927848
2016-05-21,FOODS_1_130,2,3.8085833
2016-05-22,FOODS_1_130,5,3.3999877
2016-04-25,FOODS_1_137,4,0.05212065
2016-04-26,FOODS_1_137,0,0.051737215
2016-04-27,FOODS_1_137,0,0.05168737
2016-04-28,FOODS_1_137,0,0.05215297
2016-04-29,FOODS_1_137,7,0.053433485
2016-04-30,FOODS_1_137,6,0.057968553
2016-05-01,FOODS_1_137,4,0.058707677
2016-05-02,FOODS_1_137,1,0.059767917
2016-05-03,FOODS_1_137,2,0.06033478
2016-05-04,FOODS_1_137,4,0.06094801
2016-05-05,FOODS_1_137,0,0.063377365
2016-05-06,FOODS_1_137,0,0.0664783
2016-05-07,FOODS_1_137,0,0.06824892
2016-05-08,FOODS_1_137,0,0.06666233
2016-05-09,FOODS_1_137,0,0.06130033
2016-05-10,FOODS_1_137,0,0.06177215
2016-05-11,FOODS_1_137,0,0.05673071
2016-05-12,FOODS_1_137,0,0.057276327
2016-05-13,FOODS_1_137,12,0.060623657
2016-05-14,FOODS_1_137,3,0.06466062
2016-05-15,FOODS_1_137,9,0.064195424
2016-05-16,FOODS_1_137,0,0.056814156
2016-05-17,FOODS_1_137,1,0.057487562
2016-05-18,FOODS_1_137,0,0.058101255
2016-05-19,FOODS_1_137,0,0.059258446
2016-05-20,FOODS_1_137,0,0.06279343
2016-05-21,FOODS_1_137,0,0.06663608
2016-05-22,FOODS_1_137,0,0.0658908
2016-04-25,FOODS_1_139,1,4.6180243
2016-04-26,FOODS_1_139,3,4.3295274
2016-04-27,FOODS_1_139,2,4.603283
2016-04-28,FOODS_1_139,8,4.6249666
2016-04-29,FOODS_1_139,5,5.9119844
2016-04-30,FOODS_1_139,5,7.2035823
2016-05-01,FOODS_1_139,10,6.07782
2016-05-02,FOODS_1_139,4,4.8142624
2016-05-03,FOODS_1_139,7,4.5877204
2016-05-04,FOODS_1_139,0,4.881905
2016-05-05,FOODS_1_139,8,5.003306
2016-05-06,FOODS_1_139,5,6.46835
2016-05-07,FOODS_1_139,1,7.409951
2016-05-08,FOODS_1_139,0,6.5638013
2016-05-09,FOODS_1_139,0,4.707449
2016-05-10,FOODS_1_139,0,4.4663243
2016-05-11,FOODS_1_139,0,4.721464
2016-05-12,FOODS_1_139,0,4.7612915
2016-05-13,FOODS_1_139,3,6.1010003
2016-05-14,FOODS_1_139,4,7.209915
2016-05-15,FOODS_1_139,6,6.380824
2016-05-16,FOODS_1_139,1,4.5465302
2016-05-17,FOODS_1_139,3,4.372948
2016-05-18,FOODS_1_139,0,4.6851964
2016-05-19,FOODS_1_139,5,4.739936
2016-05-20,FOODS_1_139,6,6.0145097
2016-05-21,FOODS_1_139,4,7.0721893
2016-05-22,FOODS_1_139,10,6.226834
2016-04-25,FOODS_1_153,0,3.2066965
2016-04-26,FOODS_1_153,2,2.9116642
2016-04-27,FOODS_1_153,0,3.0418053
2016-04-28,FOODS_1_153,0,3.027918
2016-04-29,FOODS_1_153,0,3.8664362
2016-04-30,FOODS_1_153,1,4.7166343
2016-05-01,FOODS_1_153,3,4.0022545
2016-05-02,FOODS_1_153,4,3.2395875
2016-05-03,FOODS_1_153,7,3.0171463
2016-05-04,FOODS_1_153,2,3.1611836
2016-05-05,FOODS_1_153,8,3.2121258
2016-05-06,FOODS_1_153,0,4.063294
2016-05-07,FOODS_1_153,0,4.6874037
2016-05-08,FOODS_1_153,0,4.2447577
2016-05-09,FOODS_1_153,0,3.1629655
2016-05-10,FOODS_1_153,5,2.9384224
2016-05-11,FOODS_1_153,4,2.9431977
2016-05-12,FOODS_1_153,3,2.945437
2016-05-13,FOODS_1_153,1,3.7472668
2016-05-14,FOODS_1_153,4,4.4589405
2016-05-15,FOODS_1_153,2,3.9993703
2016-05-16,FOODS_1_153,6,2.9739938
2016-05-17,FOODS_1_153,3,2.7842674
2016-05-18,FOODS_1_153,3,2.9116933
2016-05-19,FOODS_1_153,6,2.921395
2016-05-20,FOODS_1_153,3,3.65114
2016-05-21,FOODS_1_153,0,4.330278
2016-05-22,FOODS_1_153,0,3.8774686
2016-04-25,FOODS_1_154,3,3.2817943
2016-04-26,FOODS_1_154,1,3.0605812
2016-04-27,FOODS_1_154,9,3.2321265
2016-04-28,FOODS_1_154,2,3.3120134
2016-04-29,FOODS_1_154,0,4.26976
2016-04-30,FOODS_1_154,0,5.1639743
2016-05-01,FOODS_1_154,0,4.5087657
2016-05-02,FOODS_1_154,2,3.6013408
2016-05-03,FOODS_1_154,2,3.4167755
2016-05-04,FOODS_1_154,3,3.5948043
2016-05-05,FOODS_1_154,2,3.7643926
2016-05-06,FOODS_1_154,0,4.8181696
2016-05-07,FOODS_1_154,3,5.534809
2016-05-08,FOODS_1_154,6,4.8439
2016-05-09,FOODS_1_154,6,3.588977
2016-05-10,FOODS_1_154,6,3.381028
2016-05-11,FOODS_1_154,4,3.367667
2016-05-12,FOODS_1_154,1,3.4555323
2016-05-13,FOODS_1_154,2,4.414173
2016-05-14,FOODS_1_154,6,5.197379
2016-05-15,FOODS_1_154,0,4.573945
2016-05-16,FOODS_1_154,5,3.3315814
2016-05-17,FOODS_1_154,2,3.167329
2016-05-18,FOODS_1_154,0,3.337966
2016-05-19,FOODS_1_154,0,3.4375756
2016-05-20,FOODS_1_154,1,4.356341
2016-05-21,FOODS_1_154,0,5.1394577
2016-05-22,FOODS_1_154,0,4.5072145
2016-04-25,FOODS_1_161,3,10.979843
2016-04-26,FOODS_1_161,1,9.97461
2016-04-27,FOODS_1_161,0,10.192448
2016-04-28,FOODS_1_161,1,10.396784
2016-04-29,FOODS_1_161,1,12.972781
2016-04-30,FOODS_1_161,1,16.306417
2016-05-01,FOODS_1_161,1,12.038353
2016-05-02,FOODS_1_161,0,9.974477
2016-05-03,FOODS_1_161,0,9.524568
2016-05-04,FOODS_1_161,2,9.87111
2016-05-05,FOODS_1_161,0,10.297774
2016-05-06,FOODS_1_161,3,12.286113
2016-05-07,FOODS_1_161,5,14.100825
2016-05-08,FOODS_1_161,4,12.468456
2016-05-09,FOODS_1_161,1,9.704893
2016-05-10,FOODS_1_161,1,9.32787
2016-05-11,FOODS_1_161,0,9.53592
2016-05-12,FOODS_1_161,5,9.752838
2016-05-13,FOODS_1_161,1,11.719997
2016-05-14,FOODS_1_161,1,13.818458
2016-05-15,FOODS_1_161,8,12.158194
2016-05-16,FOODS_1_161,3,9.301017
2016-05-17,FOODS_1_161,1,8.892942
2016-05-18,FOODS_1_161,4,9.346105
2016-05-19,FOODS_1_161,1,9.500539
2016-05-20,FOODS_1_161,2,11.461687
2016-05-21,FOODS_1_161,0,13.601083
2016-05-22,FOODS_1_161,3,11.7645
2016-04-25,FOODS_1_162,1,4.4556413
2016-04-26,FOODS_1_162,5,4.115731
2016-04-27,FOODS_1_162,3,4.3075657
2016-04-28,FOODS_1_162,1,4.3729568
2016-04-29,FOODS_1_162,2,5.685929
2016-04-30,FOODS_1_162,6,6.7230883
2016-05-01,FOODS_1_162,2,5.807284
2016-05-02,FOODS_1_162,0,4.634879
2016-05-03,FOODS_1_162,2,4.397824
2016-05-04,FOODS_1_162,5,4.6232195
2016-05-05,FOODS_1_162,4,4.827868
2016-05-06,FOODS_1_162,7,6.2302504
2016-05-07,FOODS_1_162,5,7.0337596
2016-05-08,FOODS_1_162,2,6.1102037
2016-05-09,FOODS_1_162,1,4.5551543
2016-05-10,FOODS_1_162,3,4.3043404
2016-05-11,FOODS_1_162,2,4.319236
2016-05-12,FOODS_1_162,6,4.449599
2016-05-13,FOODS_1_162,2,5.7365565
2016-05-14,FOODS_1_162,3,6.6121078
2016-05-15,FOODS_1_162,3,5.758442
2016-05-16,FOODS_1_162,2,4.2079597
2016-05-17,FOODS_1_162,1,4.002996
2016-05-18,FOODS_1_162,4,4.2386885
2016-05-19,FOODS_1_162,2,4.388247
2016-05-20,FOODS_1_162,3,5.6308656
2016-05-21,FOODS_1_162,4,6.4991875
2016-05-22,FOODS_1_162,1,5.638064
2016-04-25,FOODS_1_163,0,0.06421444
2016-04-26,FOODS_1_163,2,0.059396654
2016-04-27,FOODS_1_163,0,0.056678955
2016-04-28,FOODS_1_163,0,0.06187962
2016-04-29,FOODS_1_163,1,0.068325244
2016-04-30,FOODS_1_163,0,0.08084363
2016-05-01,FOODS_1_163,2,0.07641676
2016-05-02,FOODS_1_163,0,0.07812988
2016-05-03,FOODS_1_163,0,0.0763221
2016-05-04,FOODS_1_163,0,0.07414335
2016-05-05,FOODS_1_163,0,0.08355888
2016-05-06,FOODS_1_163,0,0.09286873
2016-05-07,FOODS_1_163,1,0.103165954
2016-05-08,FOODS_1_163,0,0.09352552
2016-05-09,FOODS_1_163,1,0.08638623
2016-05-10,FOODS_1_163,1,0.08425465
2016-05-11,FOODS_1_163,0,0.07001355
2016-05-12,FOODS_1_163,0,0.07543952
2016-05-13,FOODS_1_163,0,0.083242126
2016-05-14,FOODS_1_163,0,0.09635762
2016-05-15,FOODS_1_163,0,0.0885038
2016-05-16,FOODS_1_163,0,0.08162805
2016-05-17,FOODS_1_163,0,0.07935436
2016-05-18,FOODS_1_163,0,0.07617372
2016-05-19,FOODS_1_163,0,0.085173376
2016-05-20,FOODS_1_163,1,0.097362794
2016-05-21,FOODS_1_163,1,0.111774825
2016-05-22,FOODS_1_163,0,0.100616746
2016-04-25,FOODS_1_166,1,2.7070262
2016-04-26,FOODS_1_166,1,2.5111916
2016-04-27,FOODS_1_166,0,2.6188416
2016-04-28,FOODS_1_166,4,2.6557136
2016-04-29,FOODS_1_166,1,3.3297207
2016-04-30,FOODS_1_166,5,3.962685
2016-05-01,FOODS_1_166,3,3.506162
2016-05-02,FOODS_1_166,1,2.8456185
2016-05-03,FOODS_1_166,2,2.6972525
2016-05-04,FOODS_1_166,1,2.807081
2016-05-05,FOODS_1_166,0,2.8919895
2016-05-06,FOODS_1_166,3,3.5839977
2016-05-07,FOODS_1_166,2,4.0877485
2016-05-08,FOODS_1_166,2,3.6373544
2016-05-09,FOODS_1_166,1,2.7765672
2016-05-10,FOODS_1_166,5,2.6163473
2016-05-11,FOODS_1_166,1,2.5677686
2016-05-12,FOODS_1_166,1,2.6052716
2016-05-13,FOODS_1_166,1,3.2364478
2016-05-14,FOODS_1_166,4,3.7877865
2016-05-15,FOODS_1_166,1,3.386253
2016-05-16,FOODS_1_166,1,2.5585134
2016-05-17,FOODS_1_166,2,2.4339495
2016-05-18,FOODS_1_166,2,2.5394452
2016-05-19,FOODS_1_166,1,2.5822103
2016-05-20,FOODS_1_166,6,3.1768098
2016-05-21,FOODS_1_166,0,3.7117565
2016-05-22,FOODS_1_166,4,3.3323884
2016-04-25,FOODS_1_170,1,0.0418472
2016-04-26,FOODS_1_170,7,0.042725176
2016-04-27,FOODS_1_170,0,0.04260165
2016-04-28,FOODS_1_170,3,0.0420072
2016-04-29,FOODS_1_170,6,0.04249406
2016-04-30,FOODS_1_170,1,0.045956697
2016-05-01,FOODS_1_170,6,0.047627117
2016-05-02,FOODS_1_170,5,0.04512353
2016-05-03,FOODS_1_170,1,0.047267724
2016-05-04,FOODS_1_170,0,0.047944296
2016-05-05,FOODS_1_170,0,0.04797693
2016-05-06,FOODS_1_170,0,0.049058843
2016-05-07,FOODS_1_170,1,0.051927727
2016-05-08,FOODS_1_170,0,0.0512828
2016-05-09,FOODS_1_170,6,0.046824086
2016-05-10,FOODS_1_170,6,0.048820373
2016-05-11,FOODS_1_170,5,0.04655173
2016-05-12,FOODS_1_170,2,0.04612715
2016-05-13,FOODS_1_170,2,0.047623802
2016-05-14,FOODS_1_170,7,0.05115731
2016-05-15,FOODS_1_170,6,0.051173974
2016-05-16,FOODS_1_170,4,0.045138117
2016-05-17,FOODS_1_170,1,0.04679679
2016-05-18,FOODS_1_170,0,0.04714217
2016-05-19,FOODS_1_170,3,0.046897132
2016-05-20,FOODS_1_170,2,0.048325602
2016-05-21,FOODS_1_170,9,0.052078985
2016-05-22,FOODS_1_170,0,0.052253235
2016-04-25,FOODS_1_172,3,3.7887557
2016-04-26,FOODS_1_172,0,3.4661374
2016-04-27,FOODS_1_172,2,3.6015046
2016-04-28,FOODS_1_172,2,3.5822577
2016-04-29,FOODS_1_172,7,4.4759808
2016-04-30,FOODS_1_172,2,5.359905
2016-05-01,FOODS_1_172,4,4.5617437
2016-05-02,FOODS_1_172,4,3.7021577
2016-05-03,FOODS_1_172,2,3.4674487
2016-05-04,FOODS_1_172,2,3.6291137
2016-05-05,FOODS_1_172,1,3.6755214
2016-05-06,FOODS_1_172,2,4.588381
2016-05-07,FOODS_1_172,2,5.225953
2016-05-08,FOODS_1_172,2,4.7828484
2016-05-09,FOODS_1_172,0,3.592811
2016-05-10,FOODS_1_172,1,3.357939
2016-05-11,FOODS_1_172,2,3.4262102
2016-05-12,FOODS_1_172,2,3.4230692
2016-05-13,FOODS_1_172,1,4.266942
2016-05-14,FOODS_1_172,4,4.9969673
2016-05-15,FOODS_1_172,1,4.531112
2016-05-16,FOODS_1_172,2,3.3916469
2016-05-17,FOODS_1_172,2,3.2087996
2016-05-18,FOODS_1_172,1,3.3566613
2016-05-19,FOODS_1_172,1,3.3585107
2016-05-20,FOODS_1_172,0,4.110075
2016-05-21,FOODS_1_172,0,4.8143463
2016-05-22,FOODS_1_172,2,4.3517323
2016-04-25,FOODS_1_173,2,2.8091936
2016-04-26,FOODS_1_173,0,2.5447552
2016-04-27,FOODS_1_173,5,2.6592712
2016-04-28,FOODS_1_173,2,2.7177565
2016-04-29,FOODS_1_173,6,3.6224113
2016-04-30,FOODS_1_173,7,4.3836417
2016-05-01,FOODS_1_173,2,3.8693185
2016-05-02,FOODS_1_173,0,3.071671
2016-05-03,FOODS_1_173,3,2.880652
2016-05-04,FOODS_1_173,5,3.0144646
2016-05-05,FOODS_1_173,1,3.1825414
2016-05-06,FOODS_1_173,7,4.167615
2016-05-07,FOODS_1_173,16,4.8104334
2016-05-08,FOODS_1_173,9,4.171366
2016-05-09,FOODS_1_173,2,3.1372747
2016-05-10,FOODS_1_173,4,2.93303
2016-05-11,FOODS_1_173,3,2.8228471
2016-05-12,FOODS_1_173,2,2.921713
2016-05-13,FOODS_1_173,4,3.8072186
2016-05-14,FOODS_1_173,3,4.457187
2016-05-15,FOODS_1_173,5,3.8955278
2016-05-16,FOODS_1_173,1,2.8393643
2016-05-17,FOODS_1_173,2,2.6724377
2016-05-18,FOODS_1_173,1,2.8079994
2016-05-19,FOODS_1_173,13,2.920204
2016-05-20,FOODS_1_173,2,3.792424
2016-05-21,FOODS_1_173,3,4.467957
2016-05-22,FOODS_1_173,0,3.8911028
2016-04-25,FOODS_1_181,3,5.1307607
2016-04-26,FOODS_1_181,3,4.7274714
2016-04-27,FOODS_1_181,2,4.9396567
2016-04-28,FOODS_1_181,2,4.9566927
2016-04-29,FOODS_1_181,2,6.157307
2016-04-30,FOODS_1_181,1,7.4258504
2016-05-01,FOODS_1_181,4,6.19755
2016-05-02,FOODS_1_181,3,5.0124755
2016-05-03,FOODS_1_181,1,4.7487035
2016-05-04,FOODS_1_181,3,5.0116215
2016-05-05,FOODS_1_181,6,5.1353474
2016-05-06,FOODS_1_181,5,6.520319
2016-05-07,FOODS_1_181,4,7.4711723
2016-05-08,FOODS_1_181,5,6.672439
2016-05-09,FOODS_1_181,1,4.870432
2016-05-10,FOODS_1_181,4,4.577622
2016-05-11,FOODS_1_181,5,4.9187083
2016-05-12,FOODS_1_181,2,4.957759
2016-05-13,FOODS_1_181,5,6.2477875
2016-05-14,FOODS_1_181,2,7.3479767
2016-05-15,FOODS_1_181,4,6.5469413
2016-05-16,FOODS_1_181,4,4.7939067
2016-05-17,FOODS_1_181,0,4.5771008
2016-05-18,FOODS_1_181,2,4.8507915
2016-05-19,FOODS_1_181,5,4.9082365
2016-05-20,FOODS_1_181,2,6.1230035
2016-05-21,FOODS_1_181,8,7.1635003
2016-05-22,FOODS_1_181,6,6.3714557
2016-04-25,FOODS_1_183,3,2.887362
2016-04-26,FOODS_1_183,0,2.6650856
2016-04-27,FOODS_1_183,0,2.7635958
2016-04-28,FOODS_1_183,0,2.7651443
2016-04-29,FOODS_1_183,0,3.4271185
2016-04-30,FOODS_1_183,4,3.9799943
2016-05-01,FOODS_1_183,3,3.6597197
2016-05-02,FOODS_1_183,1,3.020999
2016-05-03,FOODS_1_183,1,2.849166
2016-05-04,FOODS_1_183,1,2.9561245
2016-05-05,FOODS_1_183,1,3.0227864
2016-05-06,FOODS_1_183,1,3.7031925
2016-05-07,FOODS_1_183,3,4.135004
2016-05-08,FOODS_1_183,5,3.7569847
2016-05-09,FOODS_1_183,2,2.9434273
2016-05-10,FOODS_1_183,0,2.7667553
2016-05-11,FOODS_1_183,0,2.695065
2016-05-12,FOODS_1_183,1,2.7175765
2016-05-13,FOODS_1_183,1,3.3458936
2016-05-14,FOODS_1_183,3,3.811922
2016-05-15,FOODS_1_183,7,3.484369
2016-05-16,FOODS_1_183,3,2.6949692
2016-05-17,FOODS_1_183,2,2.5531766
2016-05-18,FOODS_1_183,1,2.6572304
2016-05-19,FOODS_1_183,0,2.6861606
2016-05-20,FOODS_1_183,3,3.2831652
2016-05-21,FOODS_1_183,3,3.745965
2016-05-22,FOODS_1_183,3,3.4409883
2016-04-25,FOODS_1_184,2,1.9202739
2016-04-26,FOODS_1_184,1,1.7769324
2016-04-27,FOODS_1_184,1,1.89912
2016-04-28,FOODS_1_184,2,1.9246763
2016-04-29,FOODS_1_184,0,2.6140027
2016-04-30,FOODS_1_184,1,3.2744632
2016-05-01,FOODS_1_184,3,2.888595
2016-05-02,FOODS_1_184,0,2.206548
2016-05-03,FOODS_1_184,1,2.0821784
2016-05-04,FOODS_1_184,0,2.2075202
2016-05-05,FOODS_1_184,0,2.307812
2016-05-06,FOODS_1_184,0,3.0658677
2016-05-07,FOODS_1_184,0,3.6295283
2016-05-08,FOODS_1_184,0,3.2395287
2016-05-09,FOODS_1_184,3,2.3559604
2016-05-10,FOODS_1_184,1,2.213087
2016-05-11,FOODS_1_184,0,2.1688404
2016-05-12,FOODS_1_184,1,2.2149606
2016-05-13,FOODS_1_184,1,2.9274695
2016-05-14,FOODS_1_184,2,3.5058522
2016-05-15,FOODS_1_184,2,3.129768
2016-05-16,FOODS_1_184,0,2.224377
2016-05-17,FOODS_1_184,1,2.0986753
2016-05-18,FOODS_1_184,3,2.22291
2016-05-19,FOODS_1_184,0,2.2897184
2016-05-20,FOODS_1_184,1,2.9967031
2016-05-21,FOODS_1_184,2,3.5853798
2016-05-22,FOODS_1_184,3,3.1707704
2016-04-25,FOODS_1_194,1,0.94050676
2016-04-26,FOODS_1_194,0,0.8719504
2016-04-27,FOODS_1_194,1,0.9068169
2016-04-28,FOODS_1_194,1,0.8973371
2016-04-29,FOODS_1_194,0,1.1250575
2016-04-30,FOODS_1_194,3,1.3287759
2016-05-01,FOODS_1_194,4,1.3007588
2016-05-02,FOODS_1_194,5,1.0721754
2016-05-03,FOODS_1_194,2,1.0201046
2016-05-04,FOODS_1_194,0,1.0528384
2016-05-05,FOODS_1_194,0,1.0617476
2016-05-06,FOODS_1_194,1,1.3025377
2016-05-07,FOODS_1_194,2,1.4864357
2016-05-08,FOODS_1_194,1,1.4064978
2016-05-09,FOODS_1_194,2,1.1551957
2016-05-10,FOODS_1_194,0,1.0874912
2016-05-11,FOODS_1_194,0,1.0272394
2016-05-12,FOODS_1_194,1,1.0271518
2016-05-13,FOODS_1_194,1,1.2677306
2016-05-14,FOODS_1_194,1,1.448532
2016-05-15,FOODS_1_194,3,1.3669848
2016-05-16,FOODS_1_194,0,1.1188856
2016-05-17,FOODS_1_194,3,1.045131
2016-05-18,FOODS_1_194,2,1.0656897
2016-05-19,FOODS_1_194,6,1.0690532
2016-05-20,FOODS_1_194,5,1.3108821
2016-05-21,FOODS_1_194,5,1.4851546
2016-05-22,FOODS_1_194,6,1.409461
2016-04-25,FOODS_1_200,2,9.113941
2016-04-26,FOODS_1_200,8,8.638923
2016-04-27,FOODS_1_200,7,8.986486
2016-04-28,FOODS_1_200,8,8.848345
2016-04-29,FOODS_1_200,11,11.206901
2016-04-30,FOODS_1_200,11,13.488714
2016-05-01,FOODS_1_200,8,11.262572
2016-05-02,FOODS_1_200,4,8.997788
2016-05-03,FOODS_1_200,6,8.796335
2016-05-04,FOODS_1_200,12,9.289229
2016-05-05,FOODS_1_200,7,9.438551
2016-05-06,FOODS_1_200,6,12.007367
2016-05-07,FOODS_1_200,4,13.659968
2016-05-08,FOODS_1_200,10,11.79732
2016-05-09,FOODS_1_200,4,8.521466
2016-05-10,FOODS_1_200,7,8.376433
2016-05-11,FOODS_1_200,7,8.595533
2016-05-12,FOODS_1_200,3,8.63215
2016-05-13,FOODS_1_200,13,10.991769
2016-05-14,FOODS_1_200,10,12.947171
2016-05-15,FOODS_1_200,8,11.363103
2016-05-16,FOODS_1_200,4,7.968353
2016-05-17,FOODS_1_200,1,7.940064
2016-05-18,FOODS_1_200,8,8.502035
2016-05-19,FOODS_1_200,6,8.540652
2016-05-20,FOODS_1_200,9,10.760945
2016-05-21,FOODS_1_200,18,12.526039
2016-05-22,FOODS_1_200,5,10.886655
2016-04-25,FOODS_1_201,0,2.374349
2016-04-26,FOODS_1_201,2,2.1745546
2016-04-27,FOODS_1_201,2,2.2599313
2016-04-28,FOODS_1_201,1,2.2797346
2016-04-29,FOODS_1_201,1,2.8720233
2016-04-30,FOODS_1_201,5,3.4161737
2016-05-01,FOODS_1_201,2,3.0612586
2016-05-02,FOODS_1_201,4,2.4910421
2016-05-03,FOODS_1_201,3,2.3531768
2016-05-04,FOODS_1_201,3,2.4446454
2016-05-05,FOODS_1_201,5,2.5091686
2016-05-06,FOODS_1_201,3,3.114192
2016-05-07,FOODS_1_201,1,3.5479357
2016-05-08,FOODS_1_201,0,3.1811628
2016-05-09,FOODS_1_201,1,2.439473
2016-05-10,FOODS_1_201,9,2.293254
2016-05-11,FOODS_1_201,4,2.2190394
2016-05-12,FOODS_1_201,2,2.2411325
2016-05-13,FOODS_1_201,3,2.7915468
2016-05-14,FOODS_1_201,4,3.2599244
2016-05-15,FOODS_1_201,2,2.9417684
2016-05-16,FOODS_1_201,2,2.2261815
2016-05-17,FOODS_1_201,1,2.1111093
2016-05-18,FOODS_1_201,1,2.198935
2016-05-19,FOODS_1_201,1,2.2253876
2016-05-20,FOODS_1_201,2,2.7406049
2016-05-21,FOODS_1_201,3,3.1961825
2016-05-22,FOODS_1_201,1,2.8942335
2016-04-25,FOODS_1_204,3,1.7821009
2016-04-26,FOODS_1_204,3,1.6213976
2016-04-27,FOODS_1_204,3,1.7093399
2016-04-28,FOODS_1_204,6,1.7505108
2016-04-29,FOODS_1_204,7,2.3782551
2016-04-30,FOODS_1_204,4,3.0199993
2016-05-01,FOODS_1_204,2,2.6749127
2016-05-02,FOODS_1_204,0,2.068921
2016-05-03,FOODS_1_204,2,1.9353827
2016-05-04,FOODS_1_204,2,2.033529
2016-05-05,FOODS_1_204,4,2.1470845
2016-05-06,FOODS_1_204,7,2.8805923
2016-05-07,FOODS_1_204,0,3.4400349
2016-05-08,FOODS_1_204,2,3.0511522
2016-05-09,FOODS_1_204,0,2.2005885
2016-05-10,FOODS_1_204,0,2.051198
2016-05-11,FOODS_1_204,1,1.9691252
2016-05-12,FOODS_1_204,0,2.020258
2016-05-13,FOODS_1_204,1,2.6946294
2016-05-14,FOODS_1_204,2,3.2799802
2016-05-15,FOODS_1_204,3,2.9136493
2016-05-16,FOODS_1_204,1,2.0354571
2016-05-17,FOODS_1_204,0,1.9146416
2016-05-18,FOODS_1_204,0,2.016233
2016-05-19,FOODS_1_204,0,2.0833354
2016-05-20,FOODS_1_204,1,2.7526884
2016-05-21,FOODS_1_204,1,3.357493
2016-05-22,FOODS_1_204,0,2.9547756
2016-04-25,FOODS_1_206,2,3.169851
2016-04-26,FOODS_1_206,2,2.8894253
2016-04-27,FOODS_1_206,2,2.9883094
2016-04-28,FOODS_1_206,5,3.006026
2016-04-29,FOODS_1_206,0,3.7950683
2016-04-30,FOODS_1_206,3,4.4250326
2016-05-01,FOODS_1_206,1,3.9787245
2016-05-02,FOODS_1_206,1,3.2271807
2016-05-03,FOODS_1_206,1,3.0689876
2016-05-04,FOODS_1_206,1,3.1924863
2016-05-05,FOODS_1_206,1,3.2822936
2016-05-06,FOODS_1_206,0,4.078585
2016-05-07,FOODS_1_206,4,4.5859876
2016-05-08,FOODS_1_206,3,4.0913515
2016-05-09,FOODS_1_206,2,3.143224
2016-05-10,FOODS_1_206,7,2.9740825
2016-05-11,FOODS_1_206,3,2.894211
2016-05-12,FOODS_1_206,0,2.9367275
2016-05-13,FOODS_1_206,4,3.667514
2016-05-14,FOODS_1_206,7,4.2015514
2016-05-15,FOODS_1_206,0,3.7756598
2016-05-16,FOODS_1_206,3,2.8457766
2016-05-17,FOODS_1_206,0,2.7088158
2016-05-18,FOODS_1_206,6,2.8319423
2016-05-19,FOODS_1_206,3,2.8809817
2016-05-20,FOODS_1_206,4,3.5754764
2016-05-21,FOODS_1_206,6,4.1040497
2016-05-22,FOODS_1_206,4,3.6915848
2016-04-25,FOODS_1_217,5,1.958472
2016-04-26,FOODS_1_217,0,1.7835183
2016-04-27,FOODS_1_217,3,1.8343507
2016-04-28,FOODS_1_217,1,1.8496104
2016-04-29,FOODS_1_217,1,2.3218024
2016-04-30,FOODS_1_217,6,2.7284975
2016-05-01,FOODS_1_217,3,2.528135
2016-05-02,FOODS_1_217,3,2.0861282
2016-05-03,FOODS_1_217,0,1.9549233
2016-05-04,FOODS_1_217,7,2.0083332
2016-05-05,FOODS_1_217,4,2.055936
2016-05-06,FOODS_1_217,7,2.5219223
2016-05-07,FOODS_1_217,6,2.851638
2016-05-08,FOODS_1_217,2,2.5754623
2016-05-09,FOODS_1_217,1,2.0261402
2016-05-10,FOODS_1_217,1,1.8926759
2016-05-11,FOODS_1_217,2,1.7935189
2016-05-12,FOODS_1_217,0,1.8148497
2016-05-13,FOODS_1_217,0,2.2524815
2016-05-14,FOODS_1_217,4,2.605408
2016-05-15,FOODS_1_217,2,2.3765945
2016-05-16,FOODS_1_217,0,1.8507901
2016-05-17,FOODS_1_217,3,1.7368803
2016-05-18,FOODS_1_217,3,1.7920984
2016-05-19,FOODS_1_217,9,1.8145922
2016-05-20,FOODS_1_217,6,2.2331321
2016-05-21,FOODS_1_217,0,2.5854468
2016-05-22,FOODS_1_217,1,2.3758264
2016-04-25,FOODS_1_218,9,11.961884
2016-04-26,FOODS_1_218,6,10.807803
2016-04-27,FOODS_1_218,4,10.962993
2016-04-28,FOODS_1_218,13,11.339003
2016-04-29,FOODS_1_218,6,14.153501
2016-04-30,FOODS_1_218,10,17.935448
2016-05-01,FOODS_1_218,9,13.197062
2016-05-02,FOODS_1_218,9,10.970792
2016-05-03,FOODS_1_218,16,10.455428
2016-05-04,FOODS_1_218,13,10.723291
2016-05-05,FOODS_1_218,13,11.344444
2016-05-06,FOODS_1_218,18,13.43284
2016-05-07,FOODS_1_218,16,15.533194
2016-05-08,FOODS_1_218,16,13.6592455
2016-05-09,FOODS_1_218,5,10.731062
2016-05-10,FOODS_1_218,3,10.283965
2016-05-11,FOODS_1_218,4,10.293312
2016-05-12,FOODS_1_218,14,10.664703
2016-05-13,FOODS_1_218,13,12.837788
2016-05-14,FOODS_1_218,27,15.231036
2016-05-15,FOODS_1_218,6,13.278715
2016-05-16,FOODS_1_218,2,10.214826
2016-05-17,FOODS_1_218,12,9.695289
2016-05-18,FOODS_1_218,15,10.126409
2016-05-19,FOODS_1_218,2,10.423216
2016-05-20,FOODS_1_218,3,12.642373
2016-05-21,FOODS_1_218,4,15.093992
2016-05-22,FOODS_1_218,1,12.961475
2016-04-25,FOODS_1_219,1,4.007873
2016-04-26,FOODS_1_219,3,3.701484
2016-04-27,FOODS_1_219,3,3.8332999
2016-04-28,FOODS_1_219,3,3.8883443
2016-04-29,FOODS_1_219,3,4.8173046
2016-04-30,FOODS_1_219,3,5.6921396
2016-05-01,FOODS_1_219,5,4.935537
2016-05-02,FOODS_1_219,4,4.019048
2016-05-03,FOODS_1_219,3,3.8343754
2016-05-04,FOODS_1_219,1,3.999772
2016-05-05,FOODS_1_219,0,4.135127
2016-05-06,FOODS_1_219,2,5.108648
2016-05-07,FOODS_1_219,7,5.7943397
2016-05-08,FOODS_1_219,2,5.115199
2016-05-09,FOODS_1_219,5,3.8882687
2016-05-10,FOODS_1_219,2,3.6824474
2016-05-11,FOODS_1_219,4,3.7288132
2016-05-12,FOODS_1_219,1,3.814296
2016-05-13,FOODS_1_219,2,4.7110915
2016-05-14,FOODS_1_219,5,5.478061
2016-05-15,FOODS_1_219,4,4.8495317
2016-05-16,FOODS_1_219,2,3.6622329
2016-05-17,FOODS_1_219,1,3.514676
2016-05-18,FOODS_1_219,2,3.6788912
2016-05-19,FOODS_1_219,5,3.7665696
2016-05-20,FOODS_1_219,4,4.6127815
2016-05-21,FOODS_1_219,5,5.360599
2016-05-22,FOODS_1_219,3,4.756552
